fiber_id,fiber_name,fiber_family,fiber_aliases,common_in_india,fiber_quality_score,durability_rating,max_circular_cycles,reusability_index,washability,eco_rating,is_biodegradable,is_recyclable_industrially,microplastic_shedding,certifications,upcycle_difficulty,dyeable,stitchable,repair_notes,data_source,source_confidence,source_type
f31b9e84-e4dc-5055-a071-11804eb72fa6,Mulberry Silk,natural_animal,"[""Mulberry Silk"", ""Resham"", ""Pure Silk"", ""Pat Silk""]",TRUE,1.0,very_high,20,1.0,dry_clean_only,0.75,TRUE,TRUE,none,"[""Silk Mark""]",hard,TRUE,TRUE,"For mending Mulberry Silk, we recommend structured repair methods. Invisible darning, embroidery overlay, or sheer backing is best to restore fabric luster and motif continuity. As a natural animal protein fiber, it requires mild, pH-neutral care to avoid weakening the polypeptide chains. Mending is best approached using organic silk or wool threads depending on the specific weave, utilizing hand darning or invisible patching to secure areas of local damage without introducing heavy, coarse thread lines that can cause tearing. Stitching this delicate material presents significant challenges. It is highly slippery and subject to snagging or pulling threads. Use sharp microtex needles (size 60/8 or 70/10) and fine silk or polyester sewing thread. We recommend stitching slowly, applying lightweight fusible interfacing behind seams, and enclosing all raw borders in French seams to prevent unraveling. Dyeing this fiber is highly successful using standard water-soluble fiber-reactive, acid, or natural vegetable dyes at moderate temperatures, yielding vibrant color saturation. Washing must be dry clean only. Water exposure will cause significant shrinkage, water staining, dye bleeding, or loss of the fabric's original stiffness. Never wash at home; store in a dry, ventilated area wrapped in muslin. When upcycling, this fiber has a max circular count of 20 cycles and a reusability index of 1.0. Since there is no microplastic shedding, it is highly suitable for eco-friendly upcycling into everyday accessories, children's apparel, or soft home furnishings.",Ecoinvent,high,ecoinvent
41bb3721-231d-5de8-a295-379eb7dc3796,Banarasi Silk,natural_animal,"[""Banarasi Silk"", ""Banarasi Brocade"", ""Kinkhab""]",TRUE,0.88,high,15,0.75,dry_clean_only,0.72,TRUE,TRUE,none,"[""GI Tag"", ""Silk Mark""]",hard,FALSE,TRUE,"For mending Banarasi Silk, we recommend structured repair methods. Invisible darning, embroidery overlay, or sheer backing is best to restore fabric luster and motif continuity. As a natural animal protein fiber, it requires mild, pH-neutral care to avoid weakening the polypeptide chains. Mending is best approached using organic silk or wool threads depending on the specific weave, utilizing hand darning or invisible patching to secure areas of local damage without introducing heavy, coarse thread lines that can cause tearing. Stitching this delicate material presents significant challenges. It is highly slippery and subject to snagging or pulling threads. Use sharp microtex needles (size 60/8 or 70/10) and fine silk or polyester sewing thread. We recommend stitching slowly, applying lightweight fusible interfacing behind seams, and enclosing all raw borders in French seams to prevent unraveling. Dyeing is not viable for home upcycling. Because of the synthetic chemical structure or metallic zari content, standard dyes will not bind to the fiber. Coloring requires industrial-grade disperse dyes applied under high temperature and pressure, which can tarnish the fabric if done at home. Washing must be dry clean only. Water exposure will cause significant shrinkage, water staining, dye bleeding, or loss of the fabric's original stiffness. Never wash at home; store in a dry, ventilated area wrapped in muslin. When upcycling, this fiber has a max circular count of 15 cycles and a reusability index of 0.75. Since there is no microplastic shedding, it is highly suitable for eco-friendly upcycling into everyday accessories, children's apparel, or soft home furnishings.",Estimated,medium,estimated
699051ee-b5f7-536d-af21-a4a5121e7981,Kanjivaram Silk,natural_animal,"[""Kanjivaram Silk"", ""Kanchipuram Silk"", ""Kanjivaram Saree""]",TRUE,0.92,very_high,18,0.9,dry_clean_only,0.73,TRUE,TRUE,none,"[""GI Tag"", ""Silk Mark""]",hard,TRUE,TRUE,"For mending Kanjivaram Silk, we recommend structured repair methods. Invisible darning, embroidery overlay, or sheer backing is best to restore fabric luster and motif continuity. As a natural animal protein fiber, it requires mild, pH-neutral care to avoid weakening the polypeptide chains. Mending is best approached using organic silk or wool threads depending on the specific weave, utilizing hand darning or invisible patching to secure areas of local damage without introducing heavy, coarse thread lines that can cause tearing. Stitching this delicate material presents significant challenges. It is highly slippery and subject to snagging or pulling threads. Use sharp microtex needles (size 60/8 or 70/10) and fine silk or polyester sewing thread. We recommend stitching slowly, applying lightweight fusible interfacing behind seams, and enclosing all raw borders in French seams to prevent unraveling. Dyeing this fiber is highly successful using standard water-soluble fiber-reactive, acid, or natural vegetable dyes at moderate temperatures, yielding vibrant color saturation. Washing must be dry clean only. Water exposure will cause significant shrinkage, water staining, dye bleeding, or loss of the fabric's original stiffness. Never wash at home; store in a dry, ventilated area wrapped in muslin. When upcycling, this fiber has a max circular count of 18 cycles and a reusability index of 0.9. Since there is no microplastic shedding, it is highly suitable for eco-friendly upcycling into everyday accessories, children's apparel, or soft home furnishings.",Estimated,medium,estimated
724b0a8b-4fa3-5b89-9954-c52cd6574e5d,Tussar Silk,natural_animal,"[""Tussar Silk"", ""Kosa Silk"", ""Bhagalpuri Silk"", ""Wild Silk""]",TRUE,0.85,high,15,0.75,dry_clean_only,0.8,TRUE,TRUE,none,"[""Silk Mark"", ""GI Tag""]",medium,TRUE,TRUE,"For mending Tussar Silk, we recommend structured repair methods. Invisible darning, embroidery overlay, or sheer backing is best to restore fabric luster and motif continuity. As a natural animal protein fiber, it requires mild, pH-neutral care to avoid weakening the polypeptide chains. Mending is best approached using organic silk or wool threads depending on the specific weave, utilizing hand darning or invisible patching to secure areas of local damage without introducing heavy, coarse thread lines that can cause tearing. Stitching this material requires a moderate level of care. Due to the fabric's slip or tendency to shift, pin the layers securely or use a walking foot. Universal needles (size 75/11 or 80/12) and fine sewing threads work best. Seam borders must be finished using pinking shears, serging, or clean overcasting to manage edge fraying. Dyeing this fiber is highly successful using standard water-soluble fiber-reactive, acid, or natural vegetable dyes at moderate temperatures, yielding vibrant color saturation. Washing must be dry clean only. Water exposure will cause significant shrinkage, water staining, dye bleeding, or loss of the fabric's original stiffness. Never wash at home; store in a dry, ventilated area wrapped in muslin. When upcycling, this fiber has a max circular count of 15 cycles and a reusability index of 0.75. Since there is no microplastic shedding, it is highly suitable for eco-friendly upcycling into everyday accessories, children's apparel, or soft home furnishings.",Ecoinvent,medium,ecoinvent
a5d7bb09-c41c-58fa-b514-0610baa755c0,Muga Silk,natural_animal,"[""Muga Silk"", ""Assam Silk"", ""Golden Silk""]",TRUE,0.98,very_high,20,1.0,hand,0.82,TRUE,TRUE,none,"[""Silk Mark"", ""GI Tag""]",hard,FALSE,TRUE,"For mending Muga Silk, we recommend structured repair methods. Invisible darning, embroidery overlay, or sheer backing is best to restore fabric luster and motif continuity. As a natural animal protein fiber, it requires mild, pH-neutral care to avoid weakening the polypeptide chains. Mending is best approached using organic silk or wool threads depending on the specific weave, utilizing hand darning or invisible patching to secure areas of local damage without introducing heavy, coarse thread lines that can cause tearing. Stitching this delicate material presents significant challenges. It is highly slippery and subject to snagging or pulling threads. Use sharp microtex needles (size 60/8 or 70/10) and fine silk or polyester sewing thread. We recommend stitching slowly, applying lightweight fusible interfacing behind seams, and enclosing all raw borders in French seams to prevent unraveling. Dyeing is not viable for home upcycling. Because of the synthetic chemical structure or metallic zari content, standard dyes will not bind to the fiber. Coloring requires industrial-grade disperse dyes applied under high temperature and pressure, which can tarnish the fabric if done at home. Washing should be performed by hand in cold water using a mild liquid detergent. Avoid harsh scrubbing, twisting, or wringing the wet fabric, which can distort the weave. Lay the garment flat on a clean towel in the shade to dry naturally. When upcycling, this fiber has a max circular count of 20 cycles and a reusability index of 1.0. Since there is no microplastic shedding, it is highly suitable for eco-friendly upcycling into everyday accessories, children's apparel, or soft home furnishings.",Published LCA,high,academic_lca
bba545ab-4aac-5527-a988-017319716e77,Eri Silk,natural_animal,"[""Eri Silk"", ""Ahimsa Silk"", ""Peace Silk"", ""Endi Silk""]",TRUE,0.9,high,18,0.9,hand,0.85,TRUE,TRUE,none,"[""Silk Mark"", ""Fair Trade""]",medium,TRUE,TRUE,"For mending Eri Silk, we recommend structured repair methods. Invisible darning, embroidery overlay, or sheer backing is best to restore fabric luster and motif continuity. As a natural animal protein fiber, it requires mild, pH-neutral care to avoid weakening the polypeptide chains. Mending is best approached using organic silk or wool threads depending on the specific weave, utilizing hand darning or invisible patching to secure areas of local damage without introducing heavy, coarse thread lines that can cause tearing. Stitching this material requires a moderate level of care. Due to the fabric's slip or tendency to shift, pin the layers securely or use a walking foot. Universal needles (size 75/11 or 80/12) and fine sewing threads work best. Seam borders must be finished using pinking shears, serging, or clean overcasting to manage edge fraying. Dyeing this fiber is highly successful using standard water-soluble fiber-reactive, acid, or natural vegetable dyes at moderate temperatures, yielding vibrant color saturation. Washing should be performed by hand in cold water using a mild liquid detergent. Avoid harsh scrubbing, twisting, or wringing the wet fabric, which can distort the weave. Lay the garment flat on a clean towel in the shade to dry naturally. When upcycling, this fiber has a max circular count of 18 cycles and a reusability index of 0.9. Since there is no microplastic shedding, it is highly suitable for eco-friendly upcycling into everyday accessories, children's apparel, or soft home furnishings.",Published LCA,high,academic_lca
98be2d0d-f7c0-5eb6-bfe9-b62c350b19ce,Standard Cotton,natural_plant,"[""Cotton"", ""Kapas"", ""Regular Cotton""]",TRUE,0.65,medium,10,0.5,machine,0.7,TRUE,TRUE,none,"[""BCI""]",easy,TRUE,TRUE,"For mending Standard Cotton, we recommend structured repair methods. Visible mending, sashiko hand-stitching, or robust machine patching fits its traditional woven texture. Being a natural plant-based cellulosic fiber, it handles moisture well but is prone to structural fraying along cut edges. Repairs should involve clean seam finishes like French seams or flat-felled construction. For hole mending, utilize standard cotton fabric backing patches, machine darning, or hand-embroidered visible techniques like sashiko. Stitching this fabric is highly stable and straightforward, making it perfect for both machine sewing and manual hand mending. Standard universal needles (size 80/12 or 90/14) and general-purpose polyester sewing threads are recommended. Machine tension should be kept at default settings (typically 3 to 4) to ensure flat, puckering-free seams. Dyeing this fiber is highly successful using standard water-soluble fiber-reactive, acid, or natural vegetable dyes at moderate temperatures, yielding vibrant color saturation. For washing, the material is fully machine-safe on standard cycles in warm or cold water. Use standard domestic laundry detergents. Tumble drying on medium heat is acceptable, although line drying extends the fiber's circular lifespan and maintains structural shape. When upcycling, this fiber has a max circular count of 10 cycles and a reusability index of 0.5. Since there is no microplastic shedding, it is highly suitable for eco-friendly upcycling into everyday accessories, children's apparel, or soft home furnishings.",Ecoinvent,high,ecoinvent
33a98b26-0091-54d8-9d2c-dc191064c136,Khadi,natural_plant,"[""Khadi"", ""Khaddar"", ""Handspun Cotton""]",TRUE,0.82,high,15,0.75,hand,0.95,TRUE,TRUE,none,"[""Khadi Mark""]",easy,TRUE,TRUE,"For mending Khadi, we recommend structured repair methods. Visible mending, sashiko hand-stitching, or robust machine patching fits its traditional woven texture. Being a natural plant-based cellulosic fiber, it handles moisture well but is prone to structural fraying along cut edges. Repairs should involve clean seam finishes like French seams or flat-felled construction. For hole mending, utilize standard cotton fabric backing patches, machine darning, or hand-embroidered visible techniques like sashiko. Stitching this fabric is highly stable and straightforward, making it perfect for both machine sewing and manual hand mending. Standard universal needles (size 80/12 or 90/14) and general-purpose polyester sewing threads are recommended. Machine tension should be kept at default settings (typically 3 to 4) to ensure flat, puckering-free seams. Dyeing this fiber is highly successful using standard water-soluble fiber-reactive, acid, or natural vegetable dyes at moderate temperatures, yielding vibrant color saturation. Washing should be performed by hand in cold water using a mild liquid detergent. Avoid harsh scrubbing, twisting, or wringing the wet fabric, which can distort the weave. Lay the garment flat on a clean towel in the shade to dry naturally. When upcycling, this fiber has a max circular count of 15 cycles and a reusability index of 0.75. Since there is no microplastic shedding, it is highly suitable for eco-friendly upcycling into everyday accessories, children's apparel, or soft home furnishings.",Published LCA,high,academic_lca
b3b3d2ae-47c3-5041-9f35-4a590ab157cf,Organic Cotton,natural_plant,"[""Organic Cotton"", ""Bio Cotton""]",TRUE,0.85,high,15,0.75,machine,0.9,TRUE,TRUE,none,"[""GOTS"", ""OEKO-TEX""]",easy,TRUE,TRUE,"For mending Organic Cotton, we recommend structured repair methods. Visible mending, sashiko hand-stitching, or robust machine patching fits its traditional woven texture. Being a natural plant-based cellulosic fiber, it handles moisture well but is prone to structural fraying along cut edges. Repairs should involve clean seam finishes like French seams or flat-felled construction. For hole mending, utilize standard cotton fabric backing patches, machine darning, or hand-embroidered visible techniques like sashiko. Stitching this fabric is highly stable and straightforward, making it perfect for both machine sewing and manual hand mending. Standard universal needles (size 80/12 or 90/14) and general-purpose polyester sewing threads are recommended. Machine tension should be kept at default settings (typically 3 to 4) to ensure flat, puckering-free seams. Dyeing this fiber is highly successful using standard water-soluble fiber-reactive, acid, or natural vegetable dyes at moderate temperatures, yielding vibrant color saturation. For washing, the material is fully machine-safe on standard cycles in warm or cold water. Use standard domestic laundry detergents. Tumble drying on medium heat is acceptable, although line drying extends the fiber's circular lifespan and maintains structural shape. When upcycling, this fiber has a max circular count of 15 cycles and a reusability index of 0.75. Since there is no microplastic shedding, it is highly suitable for eco-friendly upcycling into everyday accessories, children's apparel, or soft home furnishings.",Ecoinvent,high,ecoinvent
ec2cd436-c66d-5fd4-a5a6-2d04e217a27e,Kala Cotton,natural_plant,"[""Kala Cotton"", ""Kutch Cotton"", ""Indigenous Cotton""]",TRUE,0.8,high,15,0.75,hand,0.98,TRUE,TRUE,none,"[""GI Tag"", ""Fair Trade""]",easy,TRUE,TRUE,"For mending Kala Cotton, we recommend structured repair methods. Visible mending, sashiko hand-stitching, or robust machine patching fits its traditional woven texture. Being a natural plant-based cellulosic fiber, it handles moisture well but is prone to structural fraying along cut edges. Repairs should involve clean seam finishes like French seams or flat-felled construction. For hole mending, utilize standard cotton fabric backing patches, machine darning, or hand-embroidered visible techniques like sashiko. Stitching this fabric is highly stable and straightforward, making it perfect for both machine sewing and manual hand mending. Standard universal needles (size 80/12 or 90/14) and general-purpose polyester sewing threads are recommended. Machine tension should be kept at default settings (typically 3 to 4) to ensure flat, puckering-free seams. Dyeing this fiber is highly successful using standard water-soluble fiber-reactive, acid, or natural vegetable dyes at moderate temperatures, yielding vibrant color saturation. Washing should be performed by hand in cold water using a mild liquid detergent. Avoid harsh scrubbing, twisting, or wringing the wet fabric, which can distort the weave. Lay the garment flat on a clean towel in the shade to dry naturally. When upcycling, this fiber has a max circular count of 15 cycles and a reusability index of 0.75. Since there is no microplastic shedding, it is highly suitable for eco-friendly upcycling into everyday accessories, children's apparel, or soft home furnishings.",Published LCA,high,academic_lca
bd6123a4-903d-5536-8780-77946a378418,Chanderi,natural_plant,"[""Chanderi"", ""Cotton Silk blend"", ""Chanderi Silk""]",TRUE,0.72,medium,12,0.6,dry_clean_only,0.68,TRUE,TRUE,none,"[""GI Tag""]",medium,TRUE,TRUE,"For mending Chanderi, we recommend structured repair methods. Adhesive patch bonding, stretch darning, or localized thread lock is recommended to manage the fibers. Being a natural plant-based cellulosic fiber, it handles moisture well but is prone to structural fraying along cut edges. Repairs should involve clean seam finishes like French seams or flat-felled construction. For hole mending, utilize standard cotton fabric backing patches, machine darning, or hand-embroidered visible techniques like sashiko. Stitching this material requires a moderate level of care. Due to the fabric's slip or tendency to shift, pin the layers securely or use a walking foot. Universal needles (size 75/11 or 80/12) and fine sewing threads work best. Seam borders must be finished using pinking shears, serging, or clean overcasting to manage edge fraying. Dyeing this fiber is highly successful using standard water-soluble fiber-reactive, acid, or natural vegetable dyes at moderate temperatures, yielding vibrant color saturation. Washing must be dry clean only. Water exposure will cause significant shrinkage, water staining, dye bleeding, or loss of the fabric's original stiffness. Never wash at home; store in a dry, ventilated area wrapped in muslin. When upcycling, this fiber has a max circular count of 12 cycles and a reusability index of 0.6. Since there is no microplastic shedding, it is highly suitable for eco-friendly upcycling into everyday accessories, children's apparel, or soft home furnishings.",Estimated,medium,estimated
148a6a88-d0d8-54aa-82a8-f7b148f393fc,Maheshwari,natural_plant,"[""Maheshwari"", ""Maheshwari Silk"", ""Maheshwari Cotton Silk""]",TRUE,0.74,medium,12,0.6,dry_clean_only,0.69,TRUE,TRUE,none,"[""GI Tag""]",medium,TRUE,TRUE,"For mending Maheshwari, we recommend structured repair methods. Adhesive patch bonding, stretch darning, or localized thread lock is recommended to manage the fibers. Being a natural plant-based cellulosic fiber, it handles moisture well but is prone to structural fraying along cut edges. Repairs should involve clean seam finishes like French seams or flat-felled construction. For hole mending, utilize standard cotton fabric backing patches, machine darning, or hand-embroidered visible techniques like sashiko. Stitching this material requires a moderate level of care. Due to the fabric's slip or tendency to shift, pin the layers securely or use a walking foot. Universal needles (size 75/11 or 80/12) and fine sewing threads work best. Seam borders must be finished using pinking shears, serging, or clean overcasting to manage edge fraying. Dyeing this fiber is highly successful using standard water-soluble fiber-reactive, acid, or natural vegetable dyes at moderate temperatures, yielding vibrant color saturation. Washing must be dry clean only. Water exposure will cause significant shrinkage, water staining, dye bleeding, or loss of the fabric's original stiffness. Never wash at home; store in a dry, ventilated area wrapped in muslin. When upcycling, this fiber has a max circular count of 12 cycles and a reusability index of 0.6. Since there is no microplastic shedding, it is highly suitable for eco-friendly upcycling into everyday accessories, children's apparel, or soft home furnishings.",Estimated,medium,estimated
1b0dcecb-3108-58d8-aa83-a5e99b2107f0,Linen,natural_plant,"[""Linen"", ""Flax""]",TRUE,0.8,high,15,0.75,machine,0.88,TRUE,TRUE,none,"[""OEKO-TEX"", ""European Flax""]",easy,TRUE,TRUE,"For mending Linen, we recommend structured repair methods. Visible mending, sashiko hand-stitching, or robust machine patching fits its traditional woven texture. Being a natural plant-based cellulosic fiber, it handles moisture well but is prone to structural fraying along cut edges. Repairs should involve clean seam finishes like French seams or flat-felled construction. For hole mending, utilize standard cotton fabric backing patches, machine darning, or hand-embroidered visible techniques like sashiko. Stitching this fabric is highly stable and straightforward, making it perfect for both machine sewing and manual hand mending. Standard universal needles (size 80/12 or 90/14) and general-purpose polyester sewing threads are recommended. Machine tension should be kept at default settings (typically 3 to 4) to ensure flat, puckering-free seams. Dyeing this fiber is highly successful using standard water-soluble fiber-reactive, acid, or natural vegetable dyes at moderate temperatures, yielding vibrant color saturation. For washing, the material is fully machine-safe on standard cycles in warm or cold water. Use standard domestic laundry detergents. Tumble drying on medium heat is acceptable, although line drying extends the fiber's circular lifespan and maintains structural shape. When upcycling, this fiber has a max circular count of 15 cycles and a reusability index of 0.75. Since there is no microplastic shedding, it is highly suitable for eco-friendly upcycling into everyday accessories, children's apparel, or soft home furnishings.",Ecoinvent,high,ecoinvent
487ffac5-39ac-532e-a863-178fa77ad176,Jute,natural_plant,"[""Jute"", ""Pat"", ""Burlap"", ""Golden Fiber""]",TRUE,0.75,high,12,0.6,hand,0.92,TRUE,TRUE,none,"[""none""]",easy,TRUE,TRUE,"For mending Jute, we recommend structured repair methods. Adhesive patch bonding, stretch darning, or localized thread lock is recommended to manage the fibers. Being a natural plant-based cellulosic fiber, it handles moisture well but is prone to structural fraying along cut edges. Repairs should involve clean seam finishes like French seams or flat-felled construction. For hole mending, utilize standard cotton fabric backing patches, machine darning, or hand-embroidered visible techniques like sashiko. Stitching this fabric is highly stable and straightforward, making it perfect for both machine sewing and manual hand mending. Standard universal needles (size 80/12 or 90/14) and general-purpose polyester sewing threads are recommended. Machine tension should be kept at default settings (typically 3 to 4) to ensure flat, puckering-free seams. Dyeing this fiber is highly successful using standard water-soluble fiber-reactive, acid, or natural vegetable dyes at moderate temperatures, yielding vibrant color saturation. Washing should be performed by hand in cold water using a mild liquid detergent. Avoid harsh scrubbing, twisting, or wringing the wet fabric, which can distort the weave. Lay the garment flat on a clean towel in the shade to dry naturally. When upcycling, this fiber has a max circular count of 12 cycles and a reusability index of 0.6. Since there is no microplastic shedding, it is highly suitable for eco-friendly upcycling into everyday accessories, children's apparel, or soft home furnishings.",Ecoinvent,high,ecoinvent
3a045d4d-9d68-502e-b825-c0b2f9ec2b0e,Hemp,natural_plant,"[""Hemp"", ""Bhang"", ""Industrial Hemp"", ""Himalayan Hemp""]",TRUE,0.9,very_high,20,1.0,machine,0.94,TRUE,TRUE,none,"[""none""]",easy,TRUE,TRUE,"For mending Hemp, we recommend structured repair methods. Adhesive patch bonding, stretch darning, or localized thread lock is recommended to manage the fibers. Being a natural plant-based cellulosic fiber, it handles moisture well but is prone to structural fraying along cut edges. Repairs should involve clean seam finishes like French seams or flat-felled construction. For hole mending, utilize standard cotton fabric backing patches, machine darning, or hand-embroidered visible techniques like sashiko. Stitching this fabric is highly stable and straightforward, making it perfect for both machine sewing and manual hand mending. Standard universal needles (size 80/12 or 90/14) and general-purpose polyester sewing threads are recommended. Machine tension should be kept at default settings (typically 3 to 4) to ensure flat, puckering-free seams. Dyeing this fiber is highly successful using standard water-soluble fiber-reactive, acid, or natural vegetable dyes at moderate temperatures, yielding vibrant color saturation. For washing, the material is fully machine-safe on standard cycles in warm or cold water. Use standard domestic laundry detergents. Tumble drying on medium heat is acceptable, although line drying extends the fiber's circular lifespan and maintains structural shape. When upcycling, this fiber has a max circular count of 20 cycles and a reusability index of 1.0. Since there is no microplastic shedding, it is highly suitable for eco-friendly upcycling into everyday accessories, children's apparel, or soft home furnishings.",Ecoinvent,high,ecoinvent
833acf7f-182b-55eb-8c09-193b17ddecef,Nettle,natural_plant,"[""Allo"", ""Nettle Fiber"", ""Himalayan Nettle""]",TRUE,0.88,very_high,18,0.9,hand,0.95,TRUE,TRUE,none,"[""none""]",medium,TRUE,TRUE,"For mending Nettle, we recommend structured repair methods. Adhesive patch bonding, stretch darning, or localized thread lock is recommended to manage the fibers. Being a natural plant-based cellulosic fiber, it handles moisture well but is prone to structural fraying along cut edges. Repairs should involve clean seam finishes like French seams or flat-felled construction. For hole mending, utilize standard cotton fabric backing patches, machine darning, or hand-embroidered visible techniques like sashiko. Stitching this material requires a moderate level of care. Due to the fabric's slip or tendency to shift, pin the layers securely or use a walking foot. Universal needles (size 75/11 or 80/12) and fine sewing threads work best. Seam borders must be finished using pinking shears, serging, or clean overcasting to manage edge fraying. Dyeing this fiber is highly successful using standard water-soluble fiber-reactive, acid, or natural vegetable dyes at moderate temperatures, yielding vibrant color saturation. Washing should be performed by hand in cold water using a mild liquid detergent. Avoid harsh scrubbing, twisting, or wringing the wet fabric, which can distort the weave. Lay the garment flat on a clean towel in the shade to dry naturally. When upcycling, this fiber has a max circular count of 18 cycles and a reusability index of 0.9. Since there is no microplastic shedding, it is highly suitable for eco-friendly upcycling into everyday accessories, children's apparel, or soft home furnishings.",Published LCA,high,academic_lca
097ce57e-6b38-577c-8bc2-0d88affde544,Banana Fiber,natural_plant,"[""Banana Fiber"", ""Vazhainaar"", ""Banana Silk""]",TRUE,0.78,medium,10,0.5,hand,0.9,TRUE,TRUE,none,"[""none""]",medium,TRUE,TRUE,"For mending Banana Fiber, we recommend structured repair methods. Adhesive patch bonding, stretch darning, or localized thread lock is recommended to manage the fibers. Being a natural plant-based cellulosic fiber, it handles moisture well but is prone to structural fraying along cut edges. Repairs should involve clean seam finishes like French seams or flat-felled construction. For hole mending, utilize standard cotton fabric backing patches, machine darning, or hand-embroidered visible techniques like sashiko. Stitching this material requires a moderate level of care. Due to the fabric's slip or tendency to shift, pin the layers securely or use a walking foot. Universal needles (size 75/11 or 80/12) and fine sewing threads work best. Seam borders must be finished using pinking shears, serging, or clean overcasting to manage edge fraying. Dyeing this fiber is highly successful using standard water-soluble fiber-reactive, acid, or natural vegetable dyes at moderate temperatures, yielding vibrant color saturation. Washing should be performed by hand in cold water using a mild liquid detergent. Avoid harsh scrubbing, twisting, or wringing the wet fabric, which can distort the weave. Lay the garment flat on a clean towel in the shade to dry naturally. When upcycling, this fiber has a max circular count of 10 cycles and a reusability index of 0.5. Since there is no microplastic shedding, it is highly suitable for eco-friendly upcycling into everyday accessories, children's apparel, or soft home furnishings.",Published LCA,high,academic_lca
836e202d-8c2d-5352-a172-c6e59a8130bc,Pineapple Fiber,natural_plant,"[""Pineapple Fiber"", ""Pina"", ""Pineapple Silk"", ""Pia""]",TRUE,0.85,high,14,0.7,hand,0.92,TRUE,TRUE,none,"[""none""]",medium,TRUE,TRUE,"For mending Pineapple Fiber, we recommend structured repair methods. Adhesive patch bonding, stretch darning, or localized thread lock is recommended to manage the fibers. Being a natural plant-based cellulosic fiber, it handles moisture well but is prone to structural fraying along cut edges. Repairs should involve clean seam finishes like French seams or flat-felled construction. For hole mending, utilize standard cotton fabric backing patches, machine darning, or hand-embroidered visible techniques like sashiko. Stitching this material requires a moderate level of care. Due to the fabric's slip or tendency to shift, pin the layers securely or use a walking foot. Universal needles (size 75/11 or 80/12) and fine sewing threads work best. Seam borders must be finished using pinking shears, serging, or clean overcasting to manage edge fraying. Dyeing this fiber is highly successful using standard water-soluble fiber-reactive, acid, or natural vegetable dyes at moderate temperatures, yielding vibrant color saturation. Washing should be performed by hand in cold water using a mild liquid detergent. Avoid harsh scrubbing, twisting, or wringing the wet fabric, which can distort the weave. Lay the garment flat on a clean towel in the shade to dry naturally. When upcycling, this fiber has a max circular count of 14 cycles and a reusability index of 0.7. Since there is no microplastic shedding, it is highly suitable for eco-friendly upcycling into everyday accessories, children's apparel, or soft home furnishings.",Published LCA,high,academic_lca
39550740-9ef9-5c85-84d2-9a5cd7ac1657,Coir,natural_plant,"[""Coir"", ""Coconut Fiber""]",TRUE,0.6,high,8,0.4,spot_only,0.93,TRUE,TRUE,none,"[""none""]",hard,FALSE,FALSE,"For mending Coir, we recommend structured repair methods. Adhesive patch bonding, stretch darning, or localized thread lock is recommended to manage the fibers. Being a natural plant-based cellulosic fiber, it handles moisture well but is prone to structural fraying along cut edges. Repairs should involve clean seam finishes like French seams or flat-felled construction. For hole mending, utilize standard cotton fabric backing patches, machine darning, or hand-embroidered visible techniques like sashiko. Stitching this delicate material presents significant challenges. It is highly slippery and subject to snagging or pulling threads. Use sharp microtex needles (size 60/8 or 70/10) and fine silk or polyester sewing thread. We recommend stitching slowly, applying lightweight fusible interfacing behind seams, and enclosing all raw borders in French seams to prevent unraveling. Dyeing is not viable for home upcycling. Because of the synthetic chemical structure or metallic zari content, standard dyes will not bind to the fiber. Coloring requires industrial-grade disperse dyes applied under high temperature and pressure, which can tarnish the fabric if done at home. Washing is restricted to spot cleaning only. Use a damp cloth and mild soap to gently rub stained areas. Do not submerge the item in water, as it will absorb heavy moisture, lead to mold, or break down the organic bindings. When upcycling, this fiber has a max circular count of 8 cycles and a reusability index of 0.4. Since there is no microplastic shedding, it is highly suitable for eco-friendly upcycling into everyday accessories, children's apparel, or soft home furnishings.",Ecoinvent,high,ecoinvent
b8e975c0-8ce4-51d1-8e45-196acfdbc057,Viscose,semi_synthetic,"[""Viscose"", ""Rayon"", ""Art Silk"", ""Rayon Liva"", ""Bamboo"", ""Bamboo Viscose"", ""Bamboo Rayon""]",TRUE,0.5,low,6,0.3,hand,0.45,TRUE,FALSE,none,"[""OEKO-TEX""]",medium,TRUE,TRUE,"For mending Viscose, we recommend structured repair methods. Adhesive patch bonding, stretch darning, or localized thread lock is recommended to manage the fibers. As a semi-synthetic regenerated cellulosic fiber, it exhibits reduced tensile strength when wet and is susceptible to stretching. Repairs should be executed with lightweight backing stabilizers and fine stretch needles to prevent tearing. Standard stitching can be used, but avoid tight tension to prevent fabric gathering. Stitching this material requires a moderate level of care. Due to the fabric's slip or tendency to shift, pin the layers securely or use a walking foot. Universal needles (size 75/11 or 80/12) and fine sewing threads work best. Seam borders must be finished using pinking shears, serging, or clean overcasting to manage edge fraying. Dyeing this fiber is highly successful using standard water-soluble fiber-reactive, acid, or natural vegetable dyes at moderate temperatures, yielding vibrant color saturation. Washing should be performed by hand in cold water using a mild liquid detergent. Avoid harsh scrubbing, twisting, or wringing the wet fabric, which can distort the weave. Lay the garment flat on a clean towel in the shade to dry naturally. When upcycling, this fiber has a max circular count of 6 cycles and a reusability index of 0.3. Since there is no microplastic shedding, it is highly suitable for eco-friendly upcycling into everyday accessories, children's apparel, or soft home furnishings.",Ecoinvent,high,ecoinvent
da5b9b93-8f5c-5fb3-8232-0cf4c3a7f205,Modal,semi_synthetic,"[""Modal"", ""MicroModal"", ""Lenzing Modal""]",TRUE,0.68,medium,10,0.5,machine,0.65,TRUE,FALSE,none,"[""OEKO-TEX"", ""Lenzing""]",easy,TRUE,TRUE,"For mending Modal, we recommend structured repair methods. Adhesive patch bonding, stretch darning, or localized thread lock is recommended to manage the fibers. As a semi-synthetic regenerated cellulosic fiber, it exhibits reduced tensile strength when wet and is susceptible to stretching. Repairs should be executed with lightweight backing stabilizers and fine stretch needles to prevent tearing. Standard stitching can be used, but avoid tight tension to prevent fabric gathering. Stitching this fabric is highly stable and straightforward, making it perfect for both machine sewing and manual hand mending. Standard universal needles (size 80/12 or 90/14) and general-purpose polyester sewing threads are recommended. Machine tension should be kept at default settings (typically 3 to 4) to ensure flat, puckering-free seams. Dyeing this fiber is highly successful using standard water-soluble fiber-reactive, acid, or natural vegetable dyes at moderate temperatures, yielding vibrant color saturation. For washing, the material is fully machine-safe on standard cycles in warm or cold water. Use standard domestic laundry detergents. Tumble drying on medium heat is acceptable, although line drying extends the fiber's circular lifespan and maintains structural shape. When upcycling, this fiber has a max circular count of 10 cycles and a reusability index of 0.5. Since there is no microplastic shedding, it is highly suitable for eco-friendly upcycling into everyday accessories, children's apparel, or soft home furnishings.",Carbonfact,high,carbonfact
46fd02eb-2ec5-560e-8ef6-9319597b23d9,Lyocell,semi_synthetic,"[""Tencel"", ""Lyocell"", ""Lenzing Lyocell""]",TRUE,0.78,high,12,0.6,machine,0.85,TRUE,TRUE,none,"[""OEKO-TEX"", ""Lenzing""]",easy,TRUE,TRUE,"For mending Lyocell, we recommend structured repair methods. Adhesive patch bonding, stretch darning, or localized thread lock is recommended to manage the fibers. As a semi-synthetic regenerated cellulosic fiber, it exhibits reduced tensile strength when wet and is susceptible to stretching. Repairs should be executed with lightweight backing stabilizers and fine stretch needles to prevent tearing. Standard stitching can be used, but avoid tight tension to prevent fabric gathering. Stitching this fabric is highly stable and straightforward, making it perfect for both machine sewing and manual hand mending. Standard universal needles (size 80/12 or 90/14) and general-purpose polyester sewing threads are recommended. Machine tension should be kept at default settings (typically 3 to 4) to ensure flat, puckering-free seams. Dyeing this fiber is highly successful using standard water-soluble fiber-reactive, acid, or natural vegetable dyes at moderate temperatures, yielding vibrant color saturation. For washing, the material is fully machine-safe on standard cycles in warm or cold water. Use standard domestic laundry detergents. Tumble drying on medium heat is acceptable, although line drying extends the fiber's circular lifespan and maintains structural shape. When upcycling, this fiber has a max circular count of 12 cycles and a reusability index of 0.6. Since there is no microplastic shedding, it is highly suitable for eco-friendly upcycling into everyday accessories, children's apparel, or soft home furnishings.",Ecoinvent,high,ecoinvent
9e0ff480-7954-5442-ad3c-3f9368b40055,Cupro,semi_synthetic,"[""Cupro"", ""Bemberg Silk"", ""Bemberg""]",TRUE,0.76,medium,12,0.6,hand,0.72,TRUE,TRUE,none,"[""GRS"", ""OEKO-TEX""]",medium,TRUE,TRUE,"For mending Cupro, we recommend structured repair methods. Adhesive patch bonding, stretch darning, or localized thread lock is recommended to manage the fibers. As a semi-synthetic regenerated cellulosic fiber, it exhibits reduced tensile strength when wet and is susceptible to stretching. Repairs should be executed with lightweight backing stabilizers and fine stretch needles to prevent tearing. Standard stitching can be used, but avoid tight tension to prevent fabric gathering. Stitching this material requires a moderate level of care. Due to the fabric's slip or tendency to shift, pin the layers securely or use a walking foot. Universal needles (size 75/11 or 80/12) and fine sewing threads work best. Seam borders must be finished using pinking shears, serging, or clean overcasting to manage edge fraying. Dyeing this fiber is highly successful using standard water-soluble fiber-reactive, acid, or natural vegetable dyes at moderate temperatures, yielding vibrant color saturation. Washing should be performed by hand in cold water using a mild liquid detergent. Avoid harsh scrubbing, twisting, or wringing the wet fabric, which can distort the weave. Lay the garment flat on a clean towel in the shade to dry naturally. When upcycling, this fiber has a max circular count of 12 cycles and a reusability index of 0.6. Since there is no microplastic shedding, it is highly suitable for eco-friendly upcycling into everyday accessories, children's apparel, or soft home furnishings.",Published LCA,high,academic_lca
132e722d-eec8-5edd-8ef3-aaa225a5115a,Polyester,synthetic,"[""Polyester"", ""Poly"", ""Terene"", ""Dacron""]",TRUE,0.4,high,8,0.4,machine,0.25,FALSE,TRUE,high,"[""none""]",easy,FALSE,TRUE,"For mending Polyester, we recommend structured repair methods. Adhesive patch bonding, stretch darning, or localized thread lock is recommended to manage the fibers. Being a fully synthetic polymer material, it is highly durable, hydrophobic, and resistant to most chemicals, but prone to static and melting under high heat. Mending is best completed using standard polyester thread and universal or stretch needles. For holes, use matching synthetic patches or adhesive bonding. Stitching this fabric is highly stable and straightforward, making it perfect for both machine sewing and manual hand mending. Standard universal needles (size 80/12 or 90/14) and general-purpose polyester sewing threads are recommended. Machine tension should be kept at default settings (typically 3 to 4) to ensure flat, puckering-free seams. Dyeing is not viable for home upcycling. Because of the synthetic chemical structure or metallic zari content, standard dyes will not bind to the fiber. Coloring requires industrial-grade disperse dyes applied under high temperature and pressure, which can tarnish the fabric if done at home. For washing, the material is fully machine-safe on standard cycles in warm or cold water. Use standard domestic laundry detergents. Tumble drying on medium heat is acceptable, although line drying extends the fiber's circular lifespan and maintains structural shape. When upcycling, this fiber has a max circular count of 8 cycles and a reusability index of 0.4. Due to moderate or high microplastic shedding, upcycled items should be washed using microfiber filter bags to minimize environmental pollution. Avoid upcycling into items that require daily washing.",Ecoinvent,high,ecoinvent
4c7032bf-55f4-5cb3-bf6c-4767aab98387,Recycled Polyester,recycled,"[""Recycled Polyester"", ""rPET"", ""Repreve""]",TRUE,0.42,high,8,0.4,machine,0.65,FALSE,TRUE,high,"[""GRS"", ""OEKO-TEX""]",easy,FALSE,TRUE,"For mending Recycled Polyester, we recommend structured repair methods. Adhesive patch bonding, stretch darning, or localized thread lock is recommended to manage the fibers. As a recycled/regenerated material, the fiber length may be slightly shorter than virgin equivalents, which can lead to marginal reductions in raw tensile strength over time. Mend with stable polyester or cotton backing to reinforce areas of high mechanical stress and extend the garment's second life. Stitching this fabric is highly stable and straightforward, making it perfect for both machine sewing and manual hand mending. Standard universal needles (size 80/12 or 90/14) and general-purpose polyester sewing threads are recommended. Machine tension should be kept at default settings (typically 3 to 4) to ensure flat, puckering-free seams. Dyeing is not viable for home upcycling. Because of the synthetic chemical structure or metallic zari content, standard dyes will not bind to the fiber. Coloring requires industrial-grade disperse dyes applied under high temperature and pressure, which can tarnish the fabric if done at home. For washing, the material is fully machine-safe on standard cycles in warm or cold water. Use standard domestic laundry detergents. Tumble drying on medium heat is acceptable, although line drying extends the fiber's circular lifespan and maintains structural shape. When upcycling, this fiber has a max circular count of 8 cycles and a reusability index of 0.4. Due to moderate or high microplastic shedding, upcycled items should be washed using microfiber filter bags to minimize environmental pollution. Avoid upcycling into items that require daily washing.",Ecoinvent,high,ecoinvent
8f3112b2-bda7-5612-9110-9782d9b1e187,Nylon,synthetic,"[""Nylon"", ""Polyamide""]",TRUE,0.38,very_high,10,0.5,machine,0.22,FALSE,TRUE,high,"[""none""]",medium,FALSE,TRUE,"For mending Nylon, we recommend structured repair methods. Adhesive patch bonding, stretch darning, or localized thread lock is recommended to manage the fibers. Being a fully synthetic polymer material, it is highly durable, hydrophobic, and resistant to most chemicals, but prone to static and melting under high heat. Mending is best completed using standard polyester thread and universal or stretch needles. For holes, use matching synthetic patches or adhesive bonding. Stitching this material requires a moderate level of care. Due to the fabric's slip or tendency to shift, pin the layers securely or use a walking foot. Universal needles (size 75/11 or 80/12) and fine sewing threads work best. Seam borders must be finished using pinking shears, serging, or clean overcasting to manage edge fraying. Dyeing is not viable for home upcycling. Because of the synthetic chemical structure or metallic zari content, standard dyes will not bind to the fiber. Coloring requires industrial-grade disperse dyes applied under high temperature and pressure, which can tarnish the fabric if done at home. For washing, the material is fully machine-safe on standard cycles in warm or cold water. Use standard domestic laundry detergents. Tumble drying on medium heat is acceptable, although line drying extends the fiber's circular lifespan and maintains structural shape. When upcycling, this fiber has a max circular count of 10 cycles and a reusability index of 0.5. Due to moderate or high microplastic shedding, upcycled items should be washed using microfiber filter bags to minimize environmental pollution. Avoid upcycling into items that require daily washing.",Ecoinvent,high,ecoinvent
e6d0fdb5-6cb8-5105-91a1-c714633c8ab1,Recycled Nylon,recycled,"[""Recycled Nylon"", ""Econyl"", ""Recycled Polyamide""]",TRUE,0.4,very_high,10,0.5,machine,0.6,FALSE,TRUE,high,"[""GRS"", ""Econyl""]",medium,FALSE,TRUE,"For mending Recycled Nylon, we recommend structured repair methods. Adhesive patch bonding, stretch darning, or localized thread lock is recommended to manage the fibers. As a recycled/regenerated material, the fiber length may be slightly shorter than virgin equivalents, which can lead to marginal reductions in raw tensile strength over time. Mend with stable polyester or cotton backing to reinforce areas of high mechanical stress and extend the garment's second life. Stitching this material requires a moderate level of care. Due to the fabric's slip or tendency to shift, pin the layers securely or use a walking foot. Universal needles (size 75/11 or 80/12) and fine sewing threads work best. Seam borders must be finished using pinking shears, serging, or clean overcasting to manage edge fraying. Dyeing is not viable for home upcycling. Because of the synthetic chemical structure or metallic zari content, standard dyes will not bind to the fiber. Coloring requires industrial-grade disperse dyes applied under high temperature and pressure, which can tarnish the fabric if done at home. For washing, the material is fully machine-safe on standard cycles in warm or cold water. Use standard domestic laundry detergents. Tumble drying on medium heat is acceptable, although line drying extends the fiber's circular lifespan and maintains structural shape. When upcycling, this fiber has a max circular count of 10 cycles and a reusability index of 0.5. Due to moderate or high microplastic shedding, upcycled items should be washed using microfiber filter bags to minimize environmental pollution. Avoid upcycling into items that require daily washing.",Ecoinvent,high,ecoinvent
29d4c99e-c7d5-5d3e-82b1-383133ec6f35,Acrylic,synthetic,"[""Acrylic"", ""Kashmilon"", ""Synthetic Wool""]",TRUE,0.3,medium,6,0.3,machine,0.15,FALSE,FALSE,high,"[""none""]",easy,FALSE,TRUE,"For mending Acrylic, we recommend structured repair methods. Adhesive patch bonding, stretch darning, or localized thread lock is recommended to manage the fibers. Being a fully synthetic polymer material, it is highly durable, hydrophobic, and resistant to most chemicals, but prone to static and melting under high heat. Mending is best completed using standard polyester thread and universal or stretch needles. For holes, use matching synthetic patches or adhesive bonding. Stitching this fabric is highly stable and straightforward, making it perfect for both machine sewing and manual hand mending. Standard universal needles (size 80/12 or 90/14) and general-purpose polyester sewing threads are recommended. Machine tension should be kept at default settings (typically 3 to 4) to ensure flat, puckering-free seams. Dyeing is not viable for home upcycling. Because of the synthetic chemical structure or metallic zari content, standard dyes will not bind to the fiber. Coloring requires industrial-grade disperse dyes applied under high temperature and pressure, which can tarnish the fabric if done at home. For washing, the material is fully machine-safe on standard cycles in warm or cold water. Use standard domestic laundry detergents. Tumble drying on medium heat is acceptable, although line drying extends the fiber's circular lifespan and maintains structural shape. When upcycling, this fiber has a max circular count of 6 cycles and a reusability index of 0.3. Due to moderate or high microplastic shedding, upcycled items should be washed using microfiber filter bags to minimize environmental pollution. Avoid upcycling into items that require daily washing.",Ecoinvent,high,ecoinvent
ee951b3a-177f-5caa-8051-222c35ebb7ee,Spandex,synthetic,"[""Lycra"", ""Spandex"", ""Elastane""]",TRUE,0.45,medium,6,0.3,machine,0.2,FALSE,FALSE,medium,"[""none""]",hard,FALSE,TRUE,"For mending Spandex, we recommend structured repair methods. Adhesive patch bonding, stretch darning, or localized thread lock is recommended to manage the fibers. Being a fully synthetic polymer material, it is highly durable, hydrophobic, and resistant to most chemicals, but prone to static and melting under high heat. Mending is best completed using standard polyester thread and universal or stretch needles. For holes, use matching synthetic patches or adhesive bonding. Stitching this delicate material presents significant challenges. It is highly slippery and subject to snagging or pulling threads. Use sharp microtex needles (size 60/8 or 70/10) and fine silk or polyester sewing thread. We recommend stitching slowly, applying lightweight fusible interfacing behind seams, and enclosing all raw borders in French seams to prevent unraveling. Dyeing is not viable for home upcycling. Because of the synthetic chemical structure or metallic zari content, standard dyes will not bind to the fiber. Coloring requires industrial-grade disperse dyes applied under high temperature and pressure, which can tarnish the fabric if done at home. For washing, the material is fully machine-safe on standard cycles in warm or cold water. Use standard domestic laundry detergents. Tumble drying on medium heat is acceptable, although line drying extends the fiber's circular lifespan and maintains structural shape. When upcycling, this fiber has a max circular count of 6 cycles and a reusability index of 0.3. Due to moderate or high microplastic shedding, upcycled items should be washed using microfiber filter bags to minimize environmental pollution. Avoid upcycling into items that require daily washing.",Carbonfact,high,carbonfact
20624a1a-49ac-5dd4-87b2-ce6d4924df51,Wool,natural_animal,"[""Wool"", ""Merino Wool"", ""Desi Wool"", ""Kharad Wool"", ""Deccani Wool"", ""Patthu Wool""]",TRUE,0.9,high,16,0.8,hand,0.7,TRUE,TRUE,none,"[""Woolmark"", ""Responsible Wool Standard""]",medium,TRUE,TRUE,"For mending Wool, we recommend structured repair methods. Adhesive patch bonding, stretch darning, or localized thread lock is recommended to manage the fibers. As a natural animal protein fiber, it requires mild, pH-neutral care to avoid weakening the polypeptide chains. Mending is best approached using organic silk or wool threads depending on the specific weave, utilizing hand darning or invisible patching to secure areas of local damage without introducing heavy, coarse thread lines that can cause tearing. Stitching this material requires a moderate level of care. Due to the fabric's slip or tendency to shift, pin the layers securely or use a walking foot. Universal needles (size 75/11 or 80/12) and fine sewing threads work best. Seam borders must be finished using pinking shears, serging, or clean overcasting to manage edge fraying. Dyeing this fiber is highly successful using standard water-soluble fiber-reactive, acid, or natural vegetable dyes at moderate temperatures, yielding vibrant color saturation. Washing should be performed by hand in cold water using a mild liquid detergent. Avoid harsh scrubbing, twisting, or wringing the wet fabric, which can distort the weave. Lay the garment flat on a clean towel in the shade to dry naturally. When upcycling, this fiber has a max circular count of 16 cycles and a reusability index of 0.8. Since there is no microplastic shedding, it is highly suitable for eco-friendly upcycling into everyday accessories, children's apparel, or soft home furnishings.",Ecoinvent,high,ecoinvent
234e89e1-0e2e-5dca-9ec9-9337d17f4fec,Cashmere,natural_animal,"[""Cashmere"", ""Pashmina"", ""Kashmiri Cashmere""]",TRUE,0.95,high,18,0.9,hand,0.65,TRUE,TRUE,none,"[""GI Tag"", ""Silk Mark""]",hard,TRUE,TRUE,"For mending Cashmere, we recommend structured repair methods. Adhesive patch bonding, stretch darning, or localized thread lock is recommended to manage the fibers. As a natural animal protein fiber, it requires mild, pH-neutral care to avoid weakening the polypeptide chains. Mending is best approached using organic silk or wool threads depending on the specific weave, utilizing hand darning or invisible patching to secure areas of local damage without introducing heavy, coarse thread lines that can cause tearing. Stitching this delicate material presents significant challenges. It is highly slippery and subject to snagging or pulling threads. Use sharp microtex needles (size 60/8 or 70/10) and fine silk or polyester sewing thread. We recommend stitching slowly, applying lightweight fusible interfacing behind seams, and enclosing all raw borders in French seams to prevent unraveling. Dyeing this fiber is highly successful using standard water-soluble fiber-reactive, acid, or natural vegetable dyes at moderate temperatures, yielding vibrant color saturation. Washing should be performed by hand in cold water using a mild liquid detergent. Avoid harsh scrubbing, twisting, or wringing the wet fabric, which can distort the weave. Lay the garment flat on a clean towel in the shade to dry naturally. When upcycling, this fiber has a max circular count of 18 cycles and a reusability index of 0.9. Since there is no microplastic shedding, it is highly suitable for eco-friendly upcycling into everyday accessories, children's apparel, or soft home furnishings.",Ecoinvent,high,ecoinvent
b634e888-6579-5a4b-b77d-bc3e5113a663,Hosiery Cotton,natural_plant,"[""Hosiery Cotton"", ""Knitted Cotton"", ""Cotton Jersey""]",TRUE,0.6,medium,8,0.4,machine,0.68,TRUE,TRUE,none,"[""BCI""]",easy,TRUE,TRUE,"For mending Hosiery Cotton, we recommend structured repair methods. Visible mending, sashiko hand-stitching, or robust machine patching fits its traditional woven texture. Being a natural plant-based cellulosic fiber, it handles moisture well but is prone to structural fraying along cut edges. Repairs should involve clean seam finishes like French seams or flat-felled construction. For hole mending, utilize standard cotton fabric backing patches, machine darning, or hand-embroidered visible techniques like sashiko. Stitching this fabric is highly stable and straightforward, making it perfect for both machine sewing and manual hand mending. Standard universal needles (size 80/12 or 90/14) and general-purpose polyester sewing threads are recommended. Machine tension should be kept at default settings (typically 3 to 4) to ensure flat, puckering-free seams. Dyeing this fiber is highly successful using standard water-soluble fiber-reactive, acid, or natural vegetable dyes at moderate temperatures, yielding vibrant color saturation. For washing, the material is fully machine-safe on standard cycles in warm or cold water. Use standard domestic laundry detergents. Tumble drying on medium heat is acceptable, although line drying extends the fiber's circular lifespan and maintains structural shape. When upcycling, this fiber has a max circular count of 8 cycles and a reusability index of 0.4. Since there is no microplastic shedding, it is highly suitable for eco-friendly upcycling into everyday accessories, children's apparel, or soft home furnishings.",Ecoinvent,high,ecoinvent
7115c1f7-5cf3-5215-a66a-2b4d128e04c2,Cotton-Polyester Blend,natural_plant,"[""Cotton Poly Blend"", ""Poly Cotton"", ""TC Blend""]",TRUE,0.55,high,10,0.5,machine,0.48,FALSE,FALSE,medium,"[""none""]",easy,FALSE,TRUE,"For mending Cotton-Polyester Blend, we recommend structured repair methods. Visible mending, sashiko hand-stitching, or robust machine patching fits its traditional woven texture. Being a natural plant-based cellulosic fiber, it handles moisture well but is prone to structural fraying along cut edges. Repairs should involve clean seam finishes like French seams or flat-felled construction. For hole mending, utilize standard cotton fabric backing patches, machine darning, or hand-embroidered visible techniques like sashiko. Stitching this fabric is highly stable and straightforward, making it perfect for both machine sewing and manual hand mending. Standard universal needles (size 80/12 or 90/14) and general-purpose polyester sewing threads are recommended. Machine tension should be kept at default settings (typically 3 to 4) to ensure flat, puckering-free seams. Dyeing is not viable for home upcycling. Because of the synthetic chemical structure or metallic zari content, standard dyes will not bind to the fiber. Coloring requires industrial-grade disperse dyes applied under high temperature and pressure, which can tarnish the fabric if done at home. For washing, the material is fully machine-safe on standard cycles in warm or cold water. Use standard domestic laundry detergents. Tumble drying on medium heat is acceptable, although line drying extends the fiber's circular lifespan and maintains structural shape. When upcycling, this fiber has a max circular count of 10 cycles and a reusability index of 0.5. Due to moderate or high microplastic shedding, upcycled items should be washed using microfiber filter bags to minimize environmental pollution. Avoid upcycling into items that require daily washing.",Estimated,medium,estimated
1e799e89-8fd0-5277-951c-5049785d5c0b,Cotton-Silk Blend,natural_plant,"[""Cotton Silk Blend"", ""Cotton Silk Saree""]",TRUE,0.73,medium,12,0.6,dry_clean_only,0.69,TRUE,TRUE,none,"[""GI Tag""]",medium,TRUE,TRUE,"For mending Cotton-Silk Blend, we recommend structured repair methods. Invisible darning, embroidery overlay, or sheer backing is best to restore fabric luster and motif continuity. Being a natural plant-based cellulosic fiber, it handles moisture well but is prone to structural fraying along cut edges. Repairs should involve clean seam finishes like French seams or flat-felled construction. For hole mending, utilize standard cotton fabric backing patches, machine darning, or hand-embroidered visible techniques like sashiko. Stitching this material requires a moderate level of care. Due to the fabric's slip or tendency to shift, pin the layers securely or use a walking foot. Universal needles (size 75/11 or 80/12) and fine sewing threads work best. Seam borders must be finished using pinking shears, serging, or clean overcasting to manage edge fraying. Dyeing this fiber is highly successful using standard water-soluble fiber-reactive, acid, or natural vegetable dyes at moderate temperatures, yielding vibrant color saturation. Washing must be dry clean only. Water exposure will cause significant shrinkage, water staining, dye bleeding, or loss of the fabric's original stiffness. Never wash at home; store in a dry, ventilated area wrapped in muslin. When upcycling, this fiber has a max circular count of 12 cycles and a reusability index of 0.6. Since there is no microplastic shedding, it is highly suitable for eco-friendly upcycling into everyday accessories, children's apparel, or soft home furnishings.",Estimated,medium,estimated
5f97ab32-cc58-58c7-8602-f1f13ace8a4a,Silk-Metallic Blend,natural_animal,"[""Brocade"", ""Banarasi Brocade"", ""Kinkhab"", ""Zari""]",TRUE,0.88,high,16,0.8,dry_clean_only,0.72,TRUE,TRUE,none,"[""Silk Mark"", ""GI Tag""]",hard,FALSE,TRUE,"For mending Silk-Metallic Blend, we recommend structured repair methods. Invisible darning, embroidery overlay, or sheer backing is best to restore fabric luster and motif continuity. As a natural animal protein fiber, it requires mild, pH-neutral care to avoid weakening the polypeptide chains. Mending is best approached using organic silk or wool threads depending on the specific weave, utilizing hand darning or invisible patching to secure areas of local damage without introducing heavy, coarse thread lines that can cause tearing. Stitching this delicate material presents significant challenges. It is highly slippery and subject to snagging or pulling threads. Use sharp microtex needles (size 60/8 or 70/10) and fine silk or polyester sewing thread. We recommend stitching slowly, applying lightweight fusible interfacing behind seams, and enclosing all raw borders in French seams to prevent unraveling. Dyeing is not viable for home upcycling. Because of the synthetic chemical structure or metallic zari content, standard dyes will not bind to the fiber. Coloring requires industrial-grade disperse dyes applied under high temperature and pressure, which can tarnish the fabric if done at home. Washing must be dry clean only. Water exposure will cause significant shrinkage, water staining, dye bleeding, or loss of the fabric's original stiffness. Never wash at home; store in a dry, ventilated area wrapped in muslin. When upcycling, this fiber has a max circular count of 16 cycles and a reusability index of 0.8. Since there is no microplastic shedding, it is highly suitable for eco-friendly upcycling into everyday accessories, children's apparel, or soft home furnishings.",Estimated,medium,estimated
803294ed-fbf1-5e94-a8c6-37de3c9e1082,Kota Doria,natural_plant,"[""Kota Doria"", ""Kota Cotton"", ""Kota Masuria""]",TRUE,0.7,low,8,0.4,hand,0.82,TRUE,TRUE,none,"[""GI Tag""]",hard,TRUE,TRUE,"For mending Kota Doria, we recommend structured repair methods. Adhesive patch bonding, stretch darning, or localized thread lock is recommended to manage the fibers. Being a natural plant-based cellulosic fiber, it handles moisture well but is prone to structural fraying along cut edges. Repairs should involve clean seam finishes like French seams or flat-felled construction. For hole mending, utilize standard cotton fabric backing patches, machine darning, or hand-embroidered visible techniques like sashiko. Stitching this delicate material presents significant challenges. It is highly slippery and subject to snagging or pulling threads. Use sharp microtex needles (size 60/8 or 70/10) and fine silk or polyester sewing thread. We recommend stitching slowly, applying lightweight fusible interfacing behind seams, and enclosing all raw borders in French seams to prevent unraveling. Dyeing this fiber is highly successful using standard water-soluble fiber-reactive, acid, or natural vegetable dyes at moderate temperatures, yielding vibrant color saturation. Washing should be performed by hand in cold water using a mild liquid detergent. Avoid harsh scrubbing, twisting, or wringing the wet fabric, which can distort the weave. Lay the garment flat on a clean towel in the shade to dry naturally. When upcycling, this fiber has a max circular count of 8 cycles and a reusability index of 0.4. Since there is no microplastic shedding, it is highly suitable for eco-friendly upcycling into everyday accessories, children's apparel, or soft home furnishings.",Published LCA,high,academic_lca
4ff8cdc1-5097-563e-a7c3-e1f00627b228,Jamdani,natural_plant,"[""Jamdani"", ""Dhakai Jamdani"", ""Jamdani Muslin""]",TRUE,0.82,medium,12,0.6,hand,0.94,TRUE,TRUE,none,"[""GI Tag"", ""Fair Trade""]",hard,TRUE,TRUE,"For mending Jamdani, we recommend structured repair methods. Visible mending, sashiko hand-stitching, or robust machine patching fits its traditional woven texture. Being a natural plant-based cellulosic fiber, it handles moisture well but is prone to structural fraying along cut edges. Repairs should involve clean seam finishes like French seams or flat-felled construction. For hole mending, utilize standard cotton fabric backing patches, machine darning, or hand-embroidered visible techniques like sashiko. Stitching this delicate material presents significant challenges. It is highly slippery and subject to snagging or pulling threads. Use sharp microtex needles (size 60/8 or 70/10) and fine silk or polyester sewing thread. We recommend stitching slowly, applying lightweight fusible interfacing behind seams, and enclosing all raw borders in French seams to prevent unraveling. Dyeing this fiber is highly successful using standard water-soluble fiber-reactive, acid, or natural vegetable dyes at moderate temperatures, yielding vibrant color saturation. Washing should be performed by hand in cold water using a mild liquid detergent. Avoid harsh scrubbing, twisting, or wringing the wet fabric, which can distort the weave. Lay the garment flat on a clean towel in the shade to dry naturally. When upcycling, this fiber has a max circular count of 12 cycles and a reusability index of 0.6. Since there is no microplastic shedding, it is highly suitable for eco-friendly upcycling into everyday accessories, children's apparel, or soft home furnishings.",Published LCA,high,academic_lca
dfa15710-debf-588a-a2e4-0e4d5dbf2427,Mulmul,natural_plant,"[""Mulmul"", ""Malmal"", ""Indian Muslin""]",TRUE,0.75,medium,10,0.5,hand,0.88,TRUE,TRUE,none,"[""Fair Trade""]",easy,TRUE,TRUE,"For mending Mulmul, we recommend structured repair methods. Visible mending, sashiko hand-stitching, or robust machine patching fits its traditional woven texture. Being a natural plant-based cellulosic fiber, it handles moisture well but is prone to structural fraying along cut edges. Repairs should involve clean seam finishes like French seams or flat-felled construction. For hole mending, utilize standard cotton fabric backing patches, machine darning, or hand-embroidered visible techniques like sashiko. Stitching this fabric is highly stable and straightforward, making it perfect for both machine sewing and manual hand mending. Standard universal needles (size 80/12 or 90/14) and general-purpose polyester sewing threads are recommended. Machine tension should be kept at default settings (typically 3 to 4) to ensure flat, puckering-free seams. Dyeing this fiber is highly successful using standard water-soluble fiber-reactive, acid, or natural vegetable dyes at moderate temperatures, yielding vibrant color saturation. Washing should be performed by hand in cold water using a mild liquid detergent. Avoid harsh scrubbing, twisting, or wringing the wet fabric, which can distort the weave. Lay the garment flat on a clean towel in the shade to dry naturally. When upcycling, this fiber has a max circular count of 10 cycles and a reusability index of 0.5. Since there is no microplastic shedding, it is highly suitable for eco-friendly upcycling into everyday accessories, children's apparel, or soft home furnishings.",Published LCA,high,academic_lca
28ab001c-5476-53ee-ad75-16f260fa04a1,Ikat,natural_plant,"[""Ikat"", ""Pochampally Ikat"", ""Patola Ikat"", ""Sambalpuri Ikat""]",TRUE,0.84,high,14,0.7,hand,0.89,TRUE,TRUE,none,"[""GI Tag"", ""Handloom Mark""]",easy,FALSE,TRUE,"For mending Ikat, we recommend structured repair methods. Visible mending, sashiko hand-stitching, or robust machine patching fits its traditional woven texture. Being a natural plant-based cellulosic fiber, it handles moisture well but is prone to structural fraying along cut edges. Repairs should involve clean seam finishes like French seams or flat-felled construction. For hole mending, utilize standard cotton fabric backing patches, machine darning, or hand-embroidered visible techniques like sashiko. Stitching this fabric is highly stable and straightforward, making it perfect for both machine sewing and manual hand mending. Standard universal needles (size 80/12 or 90/14) and general-purpose polyester sewing threads are recommended. Machine tension should be kept at default settings (typically 3 to 4) to ensure flat, puckering-free seams. Dyeing is not viable for home upcycling. Because of the synthetic chemical structure or metallic zari content, standard dyes will not bind to the fiber. Coloring requires industrial-grade disperse dyes applied under high temperature and pressure, which can tarnish the fabric if done at home. Washing should be performed by hand in cold water using a mild liquid detergent. Avoid harsh scrubbing, twisting, or wringing the wet fabric, which can distort the weave. Lay the garment flat on a clean towel in the shade to dry naturally. When upcycling, this fiber has a max circular count of 14 cycles and a reusability index of 0.7. Since there is no microplastic shedding, it is highly suitable for eco-friendly upcycling into everyday accessories, children's apparel, or soft home furnishings.",Published LCA,high,academic_lca
9fd0f35e-4473-5042-9eb8-069a6ae25c94,Chikankari,natural_plant,"[""Chikankari"", ""Lakhnavi Chikan"", ""Chikan Fabric""]",TRUE,0.78,medium,12,0.6,hand,0.85,TRUE,TRUE,none,"[""GI Tag""]",hard,TRUE,TRUE,"For mending Chikankari, we recommend structured repair methods. Visible mending, sashiko hand-stitching, or robust machine patching fits its traditional woven texture. Being a natural plant-based cellulosic fiber, it handles moisture well but is prone to structural fraying along cut edges. Repairs should involve clean seam finishes like French seams or flat-felled construction. For hole mending, utilize standard cotton fabric backing patches, machine darning, or hand-embroidered visible techniques like sashiko. Stitching this delicate material presents significant challenges. It is highly slippery and subject to snagging or pulling threads. Use sharp microtex needles (size 60/8 or 70/10) and fine silk or polyester sewing thread. We recommend stitching slowly, applying lightweight fusible interfacing behind seams, and enclosing all raw borders in French seams to prevent unraveling. Dyeing this fiber is highly successful using standard water-soluble fiber-reactive, acid, or natural vegetable dyes at moderate temperatures, yielding vibrant color saturation. Washing should be performed by hand in cold water using a mild liquid detergent. Avoid harsh scrubbing, twisting, or wringing the wet fabric, which can distort the weave. Lay the garment flat on a clean towel in the shade to dry naturally. When upcycling, this fiber has a max circular count of 12 cycles and a reusability index of 0.6. Since there is no microplastic shedding, it is highly suitable for eco-friendly upcycling into everyday accessories, children's apparel, or soft home furnishings.",Published LCA,high,academic_lca
0046467b-7edf-5355-9143-4023b78df708,Recycled Cotton,recycled,"[""Recycled Cotton"", ""Regenerated Cotton""]",TRUE,0.58,medium,8,0.4,machine,0.88,TRUE,TRUE,none,"[""GRS""]",easy,TRUE,TRUE,"For mending Recycled Cotton, we recommend structured repair methods. Visible mending, sashiko hand-stitching, or robust machine patching fits its traditional woven texture. As a recycled/regenerated material, the fiber length may be slightly shorter than virgin equivalents, which can lead to marginal reductions in raw tensile strength over time. Mend with stable polyester or cotton backing to reinforce areas of high mechanical stress and extend the garment's second life. Stitching this fabric is highly stable and straightforward, making it perfect for both machine sewing and manual hand mending. Standard universal needles (size 80/12 or 90/14) and general-purpose polyester sewing threads are recommended. Machine tension should be kept at default settings (typically 3 to 4) to ensure flat, puckering-free seams. Dyeing this fiber is highly successful using standard water-soluble fiber-reactive, acid, or natural vegetable dyes at moderate temperatures, yielding vibrant color saturation. For washing, the material is fully machine-safe on standard cycles in warm or cold water. Use standard domestic laundry detergents. Tumble drying on medium heat is acceptable, although line drying extends the fiber's circular lifespan and maintains structural shape. When upcycling, this fiber has a max circular count of 8 cycles and a reusability index of 0.4. Since there is no microplastic shedding, it is highly suitable for eco-friendly upcycling into everyday accessories, children's apparel, or soft home furnishings.",Ecoinvent,high,ecoinvent
0281bf83-1d88-5a8f-a016-a951554beeeb,Aloe Vera Fiber,semi_synthetic,"[""Aloe Vera Fiber"", ""Aloe Fabric"", ""Aloe Silk""]",TRUE,0.68,medium,10,0.5,hand,RESEARCH_REQUIRED,TRUE,FALSE,none,"[""none""]",medium,TRUE,TRUE,"For mending Aloe Vera Fiber, we recommend structured repair methods. Adhesive patch bonding, stretch darning, or localized thread lock is recommended to manage the fibers. As a semi-synthetic regenerated cellulosic fiber, it exhibits reduced tensile strength when wet and is susceptible to stretching. Repairs should be executed with lightweight backing stabilizers and fine stretch needles to prevent tearing. Standard stitching can be used, but avoid tight tension to prevent fabric gathering. Stitching this material requires a moderate level of care. Due to the fabric's slip or tendency to shift, pin the layers securely or use a walking foot. Universal needles (size 75/11 or 80/12) and fine sewing threads work best. Seam borders must be finished using pinking shears, serging, or clean overcasting to manage edge fraying. Dyeing this fiber is highly successful using standard water-soluble fiber-reactive, acid, or natural vegetable dyes at moderate temperatures, yielding vibrant color saturation. Washing should be performed by hand in cold water using a mild liquid detergent. Avoid harsh scrubbing, twisting, or wringing the wet fabric, which can distort the weave. Lay the garment flat on a clean towel in the shade to dry naturally. When upcycling, this fiber has a max circular count of 10 cycles and a reusability index of 0.5. Since there is no microplastic shedding, it is highly suitable for eco-friendly upcycling into everyday accessories, children's apparel, or soft home furnishings.",manual,estimated,estimated
99e09969-030d-58b1-9844-7507297b914f,Georgette,synthetic,"[""Georgette"", ""Poly Georgette"", ""Faux Georgette""]",TRUE,0.6,high,10,0.5,machine,0.25,FALSE,TRUE,high,"[""none""]",hard,FALSE,TRUE,"For mending Georgette, we recommend structured repair methods. Adhesive patch bonding, stretch darning, or localized thread lock is recommended to manage the fibers. Being a fully synthetic polymer material, it is highly durable, hydrophobic, and resistant to most chemicals, but prone to static and melting under high heat. Mending is best completed using standard polyester thread and universal or stretch needles. For holes, use matching synthetic patches or adhesive bonding. Stitching this delicate material presents significant challenges. It is highly slippery and subject to snagging or pulling threads. Use sharp microtex needles (size 60/8 or 70/10) and fine silk or polyester sewing thread. We recommend stitching slowly, applying lightweight fusible interfacing behind seams, and enclosing all raw borders in French seams to prevent unraveling. Dyeing is not viable for home upcycling. Because of the synthetic chemical structure or metallic zari content, standard dyes will not bind to the fiber. Coloring requires industrial-grade disperse dyes applied under high temperature and pressure, which can tarnish the fabric if done at home. For washing, the material is fully machine-safe on standard cycles in warm or cold water. Use standard domestic laundry detergents. Tumble drying on medium heat is acceptable, although line drying extends the fiber's circular lifespan and maintains structural shape. When upcycling, this fiber has a max circular count of 10 cycles and a reusability index of 0.5. Due to moderate or high microplastic shedding, upcycled items should be washed using microfiber filter bags to minimize environmental pollution. Avoid upcycling into items that require daily washing.",Estimated,medium,estimated
55908724-d0c7-560f-9b4c-19b0a6113b88,Chiffon,synthetic,"[""Chiffon"", ""Poly Chiffon"", ""Faux Chiffon""]",TRUE,0.55,medium,8,0.4,machine,0.24,FALSE,TRUE,high,"[""none""]",hard,FALSE,TRUE,"For mending Chiffon, we recommend structured repair methods. Adhesive patch bonding, stretch darning, or localized thread lock is recommended to manage the fibers. Being a fully synthetic polymer material, it is highly durable, hydrophobic, and resistant to most chemicals, but prone to static and melting under high heat. Mending is best completed using standard polyester thread and universal or stretch needles. For holes, use matching synthetic patches or adhesive bonding. Stitching this delicate material presents significant challenges. It is highly slippery and subject to snagging or pulling threads. Use sharp microtex needles (size 60/8 or 70/10) and fine silk or polyester sewing thread. We recommend stitching slowly, applying lightweight fusible interfacing behind seams, and enclosing all raw borders in French seams to prevent unraveling. Dyeing is not viable for home upcycling. Because of the synthetic chemical structure or metallic zari content, standard dyes will not bind to the fiber. Coloring requires industrial-grade disperse dyes applied under high temperature and pressure, which can tarnish the fabric if done at home. For washing, the material is fully machine-safe on standard cycles in warm or cold water. Use standard domestic laundry detergents. Tumble drying on medium heat is acceptable, although line drying extends the fiber's circular lifespan and maintains structural shape. When upcycling, this fiber has a max circular count of 8 cycles and a reusability index of 0.4. Due to moderate or high microplastic shedding, upcycled items should be washed using microfiber filter bags to minimize environmental pollution. Avoid upcycling into items that require daily washing.",Estimated,medium,estimated
c6c9ed1f-e58c-5f10-a17a-c0ca89f35e85,Crepe,synthetic,"[""Crepe"", ""Poly Crepe"", ""Faux Crepe""]",TRUE,0.58,high,10,0.5,machine,0.26,FALSE,TRUE,high,"[""none""]",medium,FALSE,TRUE,"For mending Crepe, we recommend structured repair methods. Adhesive patch bonding, stretch darning, or localized thread lock is recommended to manage the fibers. Being a fully synthetic polymer material, it is highly durable, hydrophobic, and resistant to most chemicals, but prone to static and melting under high heat. Mending is best completed using standard polyester thread and universal or stretch needles. For holes, use matching synthetic patches or adhesive bonding. Stitching this material requires a moderate level of care. Due to the fabric's slip or tendency to shift, pin the layers securely or use a walking foot. Universal needles (size 75/11 or 80/12) and fine sewing threads work best. Seam borders must be finished using pinking shears, serging, or clean overcasting to manage edge fraying. Dyeing is not viable for home upcycling. Because of the synthetic chemical structure or metallic zari content, standard dyes will not bind to the fiber. Coloring requires industrial-grade disperse dyes applied under high temperature and pressure, which can tarnish the fabric if done at home. For washing, the material is fully machine-safe on standard cycles in warm or cold water. Use standard domestic laundry detergents. Tumble drying on medium heat is acceptable, although line drying extends the fiber's circular lifespan and maintains structural shape. When upcycling, this fiber has a max circular count of 10 cycles and a reusability index of 0.5. Due to moderate or high microplastic shedding, upcycled items should be washed using microfiber filter bags to minimize environmental pollution. Avoid upcycling into items that require daily washing.",Estimated,medium,estimated
0fe09c72-1d82-565e-a20e-e0e359c832d9,Satin,synthetic,"[""Satin"", ""Poly Satin"", ""Faux Satin""]",TRUE,0.5,medium,8,0.4,machine,0.25,FALSE,TRUE,high,"[""none""]",hard,FALSE,TRUE,"For mending Satin, we recommend structured repair methods. Adhesive patch bonding, stretch darning, or localized thread lock is recommended to manage the fibers. Being a fully synthetic polymer material, it is highly durable, hydrophobic, and resistant to most chemicals, but prone to static and melting under high heat. Mending is best completed using standard polyester thread and universal or stretch needles. For holes, use matching synthetic patches or adhesive bonding. Stitching this delicate material presents significant challenges. It is highly slippery and subject to snagging or pulling threads. Use sharp microtex needles (size 60/8 or 70/10) and fine silk or polyester sewing thread. We recommend stitching slowly, applying lightweight fusible interfacing behind seams, and enclosing all raw borders in French seams to prevent unraveling. Dyeing is not viable for home upcycling. Because of the synthetic chemical structure or metallic zari content, standard dyes will not bind to the fiber. Coloring requires industrial-grade disperse dyes applied under high temperature and pressure, which can tarnish the fabric if done at home. For washing, the material is fully machine-safe on standard cycles in warm or cold water. Use standard domestic laundry detergents. Tumble drying on medium heat is acceptable, although line drying extends the fiber's circular lifespan and maintains structural shape. When upcycling, this fiber has a max circular count of 8 cycles and a reusability index of 0.4. Due to moderate or high microplastic shedding, upcycled items should be washed using microfiber filter bags to minimize environmental pollution. Avoid upcycling into items that require daily washing.",Estimated,medium,estimated
9eb7640c-2e0c-576d-89fa-7f702d5991dd,Organza,synthetic,"[""Organza"", ""Poly Organza"", ""Faux Organza""]",TRUE,0.52,low,6,0.3,dry_clean_only,0.24,FALSE,TRUE,high,"[""none""]",expert_only,FALSE,TRUE,"For mending Organza, we recommend structured repair methods. Adhesive patch bonding, stretch darning, or localized thread lock is recommended to manage the fibers. Being a fully synthetic polymer material, it is highly durable, hydrophobic, and resistant to most chemicals, but prone to static and melting under high heat. Mending is best completed using standard polyester thread and universal or stretch needles. For holes, use matching synthetic patches or adhesive bonding. Stitching this fabric is highly complex and requires advanced tailoring skills. The open or stiff structure is extremely delicate and easily damaged by incorrect needle size. Use specialized size 60/8 microtex or ballpoint needles, silk pins, and paper backing stabilizers during sewing. Heavy machine stitching must be avoided, and raw edges must be serged or serged and bound. Dyeing is not viable for home upcycling. Because of the synthetic chemical structure or metallic zari content, standard dyes will not bind to the fiber. Coloring requires industrial-grade disperse dyes applied under high temperature and pressure, which can tarnish the fabric if done at home. Washing must be dry clean only. Water exposure will cause significant shrinkage, water staining, dye bleeding, or loss of the fabric's original stiffness. Never wash at home; store in a dry, ventilated area wrapped in muslin. When upcycling, this fiber has a max circular count of 6 cycles and a reusability index of 0.3. Due to moderate or high microplastic shedding, upcycled items should be washed using microfiber filter bags to minimize environmental pollution. Avoid upcycling into items that require daily washing.",Estimated,medium,estimated
f4b994be-b355-5555-95ff-6fa39cfbc50d,Net / Mesh,synthetic,"[""Net"", ""Mesh"", ""Tulle""]",TRUE,0.4,low,6,0.3,hand,0.22,FALSE,TRUE,high,"[""none""]",expert_only,FALSE,TRUE,"For mending Net / Mesh, we recommend structured repair methods. Adhesive patch bonding, stretch darning, or localized thread lock is recommended to manage the fibers. Being a fully synthetic polymer material, it is highly durable, hydrophobic, and resistant to most chemicals, but prone to static and melting under high heat. Mending is best completed using standard polyester thread and universal or stretch needles. For holes, use matching synthetic patches or adhesive bonding. Stitching this fabric is highly complex and requires advanced tailoring skills. The open or stiff structure is extremely delicate and easily damaged by incorrect needle size. Use specialized size 60/8 microtex or ballpoint needles, silk pins, and paper backing stabilizers during sewing. Heavy machine stitching must be avoided, and raw edges must be serged or serged and bound. Dyeing is not viable for home upcycling. Because of the synthetic chemical structure or metallic zari content, standard dyes will not bind to the fiber. Coloring requires industrial-grade disperse dyes applied under high temperature and pressure, which can tarnish the fabric if done at home. Washing should be performed by hand in cold water using a mild liquid detergent. Avoid harsh scrubbing, twisting, or wringing the wet fabric, which can distort the weave. Lay the garment flat on a clean towel in the shade to dry naturally. When upcycling, this fiber has a max circular count of 6 cycles and a reusability index of 0.3. Due to moderate or high microplastic shedding, upcycled items should be washed using microfiber filter bags to minimize environmental pollution. Avoid upcycling into items that require daily washing.",Estimated,medium,estimated
860a9024-84e5-5f73-9cd6-0e76eb2232f3,Fleece,synthetic,"[""Fleece"", ""Polar Fleece"", ""Knit Fleece""]",TRUE,0.48,high,10,0.5,machine,0.23,FALSE,TRUE,high,"[""none""]",easy,FALSE,TRUE,"For mending Fleece, we recommend structured repair methods. Adhesive patch bonding, stretch darning, or localized thread lock is recommended to manage the fibers. Being a fully synthetic polymer material, it is highly durable, hydrophobic, and resistant to most chemicals, but prone to static and melting under high heat. Mending is best completed using standard polyester thread and universal or stretch needles. For holes, use matching synthetic patches or adhesive bonding. Stitching this fabric is highly stable and straightforward, making it perfect for both machine sewing and manual hand mending. Standard universal needles (size 80/12 or 90/14) and general-purpose polyester sewing threads are recommended. Machine tension should be kept at default settings (typically 3 to 4) to ensure flat, puckering-free seams. Dyeing is not viable for home upcycling. Because of the synthetic chemical structure or metallic zari content, standard dyes will not bind to the fiber. Coloring requires industrial-grade disperse dyes applied under high temperature and pressure, which can tarnish the fabric if done at home. For washing, the material is fully machine-safe on standard cycles in warm or cold water. Use standard domestic laundry detergents. Tumble drying on medium heat is acceptable, although line drying extends the fiber's circular lifespan and maintains structural shape. When upcycling, this fiber has a max circular count of 10 cycles and a reusability index of 0.5. Due to moderate or high microplastic shedding, upcycled items should be washed using microfiber filter bags to minimize environmental pollution. Avoid upcycling into items that require daily washing.",Ecoinvent,high,ecoinvent
05e06caa-6fea-5a72-827f-a75bb66cfd3f,Velvet,synthetic,"[""Velvet"", ""Poly Velvet"", ""Micro Velvet""]",TRUE,0.55,high,10,0.5,dry_clean_only,0.24,FALSE,TRUE,high,"[""none""]",hard,FALSE,TRUE,"For mending Velvet, we recommend structured repair methods. Adhesive patch bonding, stretch darning, or localized thread lock is recommended to manage the fibers. Being a fully synthetic polymer material, it is highly durable, hydrophobic, and resistant to most chemicals, but prone to static and melting under high heat. Mending is best completed using standard polyester thread and universal or stretch needles. For holes, use matching synthetic patches or adhesive bonding. Stitching this delicate material presents significant challenges. It is highly slippery and subject to snagging or pulling threads. Use sharp microtex needles (size 60/8 or 70/10) and fine silk or polyester sewing thread. We recommend stitching slowly, applying lightweight fusible interfacing behind seams, and enclosing all raw borders in French seams to prevent unraveling. Dyeing is not viable for home upcycling. Because of the synthetic chemical structure or metallic zari content, standard dyes will not bind to the fiber. Coloring requires industrial-grade disperse dyes applied under high temperature and pressure, which can tarnish the fabric if done at home. Washing must be dry clean only. Water exposure will cause significant shrinkage, water staining, dye bleeding, or loss of the fabric's original stiffness. Never wash at home; store in a dry, ventilated area wrapped in muslin. When upcycling, this fiber has a max circular count of 10 cycles and a reusability index of 0.5. Due to moderate or high microplastic shedding, upcycled items should be washed using microfiber filter bags to minimize environmental pollution. Avoid upcycling into items that require daily washing.",Estimated,medium,estimated
d3n1m000-0000-0000-0000-000000000001,Denim,natural_plant,"[""Denim"", ""Jean"", ""Jeans"", ""Cotton Denim"", ""Heavy Twill"", ""Dungaree""]",TRUE,0.95,very_high,25,0.95,machine,0.85,TRUE,TRUE,none,"[""OEKO-TEX"", ""BCI""]",easy,TRUE,TRUE,"Denim is a heavy 3/1 warp-faced twill cotton characterized by exceptional tensile strength, abrasion resistance, and mechanical durability. Even when denim garments have localized tears, knee blowouts, worn pockets, or fraying, the remaining 75-80% fabric panel area remains structurally indestructible. Denim is universally recognized as the prime material for circular upcycling (into tote bags, cutoff shorts, bucket hats, aprons, and patchwork reworks) or Sashiko visible mending. Denim should NEVER be categorized as end-of-life industrial shredder recycling unless it has severe toxic chemical contamination, motor oil saturation, or biological mold rot.",Ecoinvent,high,ecoinvent
c4nv4s00-0000-0000-0000-000000000002,Canvas,natural_plant,"[""Canvas"", ""Duck Canvas"", ""Cotton Duck"", ""Sailcloth""]",TRUE,0.92,very_high,25,0.95,machine,0.85,TRUE,TRUE,none,"[""OEKO-TEX"", ""BCI""]",easy,TRUE,TRUE,"Canvas is an extremely durable plain-woven cotton fabric with high tear resistance and abrasion resistance. Even with tears, it can be patched or repurposed into rugged tote bags, tool rolls, aprons, and home decor items. Prime candidate for creative upcycling.",Ecoinvent,high,ecoinvent
