1,1774507065170,garments/9b536574-751e-4b85-9850-39cbc8e47392-1774507065170.jpeg
1,1774507094659,garments/ca2921f7-653e-4e41-8b60-09088f67f9ad-1774507094659.jpeg
2,1774507546553,garments/f50ed35c-9fcd-4d44-a0a5-1bd4d6768914-1774507546553.jpeg
3,1774508461206,garments/949cff76-6320-4c39-965c-ba1ee70a15dd-1774508461206.jpeg
4,1774508685115,garments/9d383e67-31b5-4068-a235-153e6020caaa-1774508685115.jpeg
5,1774509394266,garments/a658a3b9-5f86-4a41-b5b8-84bd4a9b9d4c-1774509394266.jpeg
6,1774513142710,garments/dc4d3312-4bee-4591-8f4d-a066de35d507-1774513142710.jpeg
7,1774687304517,garments/8bc3bd48-ff78-4438-9261-f69117a052df-1774687304517.jpeg
8,1775637235173,garments/08c570d1-c3a9-4aac-8278-e03b84880d7e-1775637235173.jpeg
9,1775658620046,garments/a0703eec-a60c-465f-899a-4837a6ba6b68-1775658620046.jpeg
10,1775658698783,garments/0d1c4caa-fadb-47f4-87dd-a346ab70dbbf-1775658698783.jpeg
11,1775883901755,garments/c10ff202-96ff-4ddc-8f86-2a6f9876a390-1775883901755.jpeg
12,1775885268250,garments/7ecea1d8-f399-4d80-8d7c-9809681d65ce-1775885268250.jpeg
13,1777607218194,garments/dfbe3ec6-71fb-452e-8c71-e0b1f27eddab-1777607218194.jpeg
14,1777607440732,garments/0e9889f2-8097-469d-a434-8a0b4a35b6d0-1777607440732.jpeg
14,1777607441784,garments/ee385650-eb8e-4c5e-ad4d-64f9f56d54bb-1777607441784.jpeg
14,1777607442168,garments/542d9fe1-eca1-4f33-97ea-d5e62a9b3f70-1777607442168.jpeg
14,1777607442387,garments/8e2b474c-c1b1-4050-b37c-456fe4d39085-1777607442387.jpeg
14,1777607442597,garments/04931c6f-3938-4ae2-bde7-53c210e795d4-1777607442597.jpeg
14,1777607442819,garments/d43bd613-339b-40ac-b65c-86af4aa4b02c-1777607442819.jpeg
14,1777607443023,garments/bdb534ce-ea02-49b4-922d-8ee536247f55-1777607443023.jpeg
14,1777607443227,garments/3b543075-9222-4d4f-9fd5-8213dacb484d-1777607443227.jpeg
14,1777607443437,garments/277fcc71-f923-47ac-8ace-7e5c4a270155-1777607443437.jpeg
14,1777607443645,garments/41347c1a-87d8-4700-b289-bcde90d9c244-1777607443645.jpeg
14,1777607443852,garments/f7940b17-7836-4e52-ba4d-6f841dabf6a0-1777607443852.jpeg
14,1777607444068,garments/0412e7ed-bc42-4011-bd16-cdf1ca36e776-1777607444068.jpeg
14,1777607444323,garments/e5fc90ae-c459-4f43-8bc0-f13ae4c11557-1777607444323.jpeg
14,1777607444520,garments/82af8ff7-03d2-43fb-8a0b-70d309f06e59-1777607444520.jpeg
14,1777607444732,garments/b0eff791-2fe3-4eb1-91b1-9768401bbd63-1777607444732.jpeg
14,1777607444945,garments/d1b58a44-4072-4682-96b7-f2e899bca633-1777607444945.jpeg
14,1777607445164,garments/6aec3250-f72d-4b28-8a8a-6c31e2afa1c2-1777607445164.jpeg
14,1777607445379,garments/914bdb90-2b64-43ca-8347-49f9e434424d-1777607445379.jpeg
14,1777607445580,garments/2b0a2aff-a5e2-4be0-b064-8558980f5416-1777607445580.jpeg
14,1777607445788,garments/3520801e-57d4-465f-8f63-2fa55a069bb7-1777607445788.jpeg
14,1777607446005,garments/9503ee57-089d-4baf-b978-901aa1e4a28e-1777607446005.jpeg
14,1777607446214,garments/d2e33267-dc61-442f-b8f5-564a37f1536e-1777607446214.jpeg
14,1777607446423,garments/87f918a8-64e1-4b96-be7f-71c4975dd835-1777607446423.jpeg
14,1777607446643,garments/7987aea7-34d7-4b2b-8dc9-d46bb37fa5f3-1777607446643.jpeg
14,1777607446846,garments/02a2a7c9-8de5-423e-9091-9cb5d52938ca-1777607446846.jpeg
14,1777607447069,garments/bede5e81-44d5-4183-a74a-970c12865532-1777607447069.jpeg
14,1777607447279,garments/fd07428e-9bb2-4618-b5ba-55011ba29ebf-1777607447279.jpeg
14,1777607447489,garments/ce7e5bf8-83fc-4657-bc76-ba40a99d197c-1777607447489.jpeg
14,1777607447698,garments/ea64c711-2953-44f7-9cb9-998f19ff1d6d-1777607447698.jpeg
14,1777607447904,garments/8b7a0da7-58c1-413b-bcc0-149aa3e106c9-1777607447904.jpeg
14,1777607448113,garments/5b3a1769-84bd-43a7-a5f8-922fadb86077-1777607448113.jpeg
14,1777607448335,garments/835b6662-c1dd-4845-a205-d757aa949b07-1777607448335.jpeg
14,1777607448544,garments/e9e7823e-1751-4b93-8028-ce38d162c85a-1777607448544.jpeg
14,1777607448751,garments/ef57140e-d122-46e7-beb8-10f906d7ac07-1777607448751.jpeg
14,1777607448965,garments/e45fb312-4c71-45e3-9aef-36cab91063eb-1777607448965.jpeg
15,1777610049305,garments/77662838-62aa-4b6b-a4fe-2a1a6359f4ec-1777610049305.jpeg
15,1777610050241,garments/68c26524-a166-4e9f-b989-dcfcac59e82f-1777610050241.jpeg
15,1777610050607,garments/915bb7b6-7817-41c5-a919-c4ad412d4de3-1777610050607.jpeg
15,1777610050818,garments/323c45d9-f2d6-498b-ae00-24f9767d98ed-1777610050818.jpeg
15,1777610051026,garments/7753ec90-5130-4bbd-b32c-84fd3b6fafbf-1777610051026.jpeg
15,1777610051237,garments/10c66b8c-8948-4b6f-9419-23773f39e9dc-1777610051237.jpeg
15,1777610051445,garments/49cd913d-2644-4056-a30b-b6a32d41f203-1777610051445.jpeg
15,1777610051671,garments/45bea1de-e042-42d0-a115-b5c78aa2b759-1777610051671.jpeg
15,1777610051877,garments/aba6f090-b301-4bcc-87e5-409235a501d5-1777610051877.jpeg
15,1777610052093,garments/026a2efb-08b3-4b4b-bf60-59ef56e07a71-1777610052093.jpeg
15,1777610052306,garments/1f8bca84-1398-451a-9eef-f88558378ffe-1777610052306.jpeg
15,1777610052513,garments/b1ea5d95-60c3-4c32-b8d8-88d487bd6254-1777610052513.jpeg
15,1777610052722,garments/7083374e-d77a-4af3-b708-eceba962a234-1777610052722.jpeg
15,1777610052933,garments/d2db07fc-12bb-4c1b-9ba9-1ae5f1e8398d-1777610052933.jpeg
15,1777610053134,garments/77e96419-faa2-4d38-bbe6-0ccf7ff91071-1777610053134.jpeg
15,1777610053346,garments/65383b3a-b86e-4dd1-b2fa-c1ed1f1da9e4-1777610053346.jpeg
15,1777610053559,garments/7c3a725a-8888-4545-9575-b82e90146616-1777610053559.jpeg
15,1777610053767,garments/e806a3ec-59c0-4ba8-b8f0-4e9194b42356-1777610053767.jpeg
15,1777610053987,garments/c04efee2-443c-441c-b11e-755c1934e309-1777610053987.jpeg
15,1777610054206,garments/e4b32c5a-52d6-4846-97ca-e8757c524c47-1777610054206.jpeg
15,1777610054407,garments/533c77b2-a243-4368-9113-5b0ebcb6b897-1777610054407.jpeg
15,1777610054603,garments/d9ba2f63-dd05-44c0-b648-e7c3ec5d2b8e-1777610054603.jpeg
15,1777610054798,garments/f23cdf76-a56c-42ba-b029-5738e131b496-1777610054798.jpeg
15,1777610055000,garments/8d1cb4b8-4a27-46c7-a258-e05cc32b723f-1777610055000.jpeg
15,1777610055205,garments/391043ae-3a73-47ea-aafb-8e7a2f5865ba-1777610055205.jpeg
15,1777610055414,garments/d8a1c577-b64c-4494-beb8-bf753733d093-1777610055414.jpeg
15,1777610055616,garments/82eb2112-43b2-4e64-b579-0f6b560c636a-1777610055616.jpeg
15,1777610055828,garments/f1b278b3-c9b9-4f0f-923d-3fd49f906009-1777610055828.jpeg
15,1777610056028,garments/f25d43a9-da1c-45d6-b720-9a6b76a91840-1777610056028.jpeg
15,1777610056223,garments/1d944574-7813-4e9a-9591-c1308e1e0a7e-1777610056223.jpeg
15,1777610056416,garments/761e060c-4b0f-49a6-86fc-b563bce3079b-1777610056416.jpeg
15,1777610056621,garments/21daea8f-1ae4-42a5-9a19-280b8fa131d1-1777610056621.jpeg
15,1777610056825,garments/c7289c4d-fd16-4ff9-9936-e80afcba0588-1777610056825.jpeg
15,1777610057022,garments/1bff82af-744a-4728-847b-01b15914c1cc-1777610057022.jpeg
15,1777610057226,garments/f0efbad3-e5e6-45dd-86e4-b46b841a09f6-1777610057226.jpeg
16,1777610536286,garments/d0a94db1-ec34-4029-a258-050aaae9e92d-1777610536286.jpeg
16,1777610537436,garments/2fcc2631-b3de-4b8a-a5ff-6aebccbaa15d-1777610537436.jpeg
16,1777610537809,garments/5070b5bd-2400-447c-8b6c-cbd1810e8ece-1777610537809.jpeg
16,1777610538027,garments/db70a677-078b-496a-a898-0cb3d7f9358c-1777610538027.jpeg
16,1777610538236,garments/84e020cb-2303-42bb-8a0d-c38b2132b3e0-1777610538236.jpeg
16,1777610538472,garments/9169ef99-ef7d-488e-a536-c7abdd166548-1777610538472.jpeg
16,1777610538694,garments/cbe5b8d5-00b2-463b-9395-ba742a058e7d-1777610538694.jpeg
16,1777610538916,garments/d50ea1a0-4f47-47cc-8fb7-04474ca843e0-1777610538916.jpeg
16,1777610539147,garments/07a65bf8-c1cf-47fb-9646-4bad12f1956c-1777610539147.jpeg
16,1777610539364,garments/fe335da2-c7af-4fb4-8b28-9112e250a021-1777610539364.jpeg
16,1777610539579,garments/ba960349-d8a3-4d38-a6dc-6abcc8344600-1777610539579.jpeg
16,1777610539809,garments/6964792e-f8a3-4cc1-a7ec-b0b39756dd64-1777610539809.jpeg
16,1777610540041,garments/359e7cd1-3f77-45b4-a14d-f25d2115f1fd-1777610540041.jpeg
16,1777610540251,garments/b23492c4-f901-4c79-b400-5d866300e4c3-1777610540251.jpeg
16,1777610540459,garments/cefc1d7e-d43b-4df7-8bc5-4d615f687963-1777610540459.jpeg
16,1777610540682,garments/f9652d34-002d-48b8-9759-6b7a9f31623d-1777610540682.jpeg
16,1777610540915,garments/6d7463ab-4af0-4ca3-b45a-af3ffa2ad110-1777610540915.jpeg
16,1777610541139,garments/c2ede13d-db4e-42ee-8b02-2916de51f51f-1777610541139.jpeg
16,1777610541367,garments/f0e9d700-14b0-4f4b-8f60-f41a10d18468-1777610541367.jpeg
16,1777610541601,garments/53ea0616-52cf-4074-8402-f4580df6b5d1-1777610541601.jpeg
16,1777610541824,garments/8fd61334-0ef0-4669-bfa4-429d62ca71d7-1777610541824.jpeg
16,1777610542042,garments/e793f667-3fb2-498a-979a-67ff2adc7cda-1777610542042.jpeg
16,1777610542253,garments/de4738be-571b-4089-ab05-719179d7a16a-1777610542253.jpeg
16,1777610542476,garments/2ba53f8e-495d-4b67-927a-6b24df31bdc6-1777610542476.jpeg
16,1777610542690,garments/62b44d05-bcaf-421a-8353-498330dc5472-1777610542690.jpeg
16,1777610542917,garments/ade4a42b-b817-4e66-903d-be8caf0597c0-1777610542917.jpeg
16,1777610543147,garments/3ad0a6bd-2f51-46da-98bf-6173664a1011-1777610543147.jpeg
16,1777610543349,garments/877bacf2-006f-4d4c-b1a8-2eb7b6b2e713-1777610543349.jpeg
16,1777610543564,garments/d4d14918-e096-40c0-9033-6c1a00acddba-1777610543564.jpeg
16,1777610543763,garments/20870000-2fbf-4372-83d3-b97cd9d2085f-1777610543763.jpeg
16,1777610543971,garments/9459e8bc-9688-4621-8786-fb4b306b7c42-1777610543971.jpeg
16,1777610544186,garments/d4489f2d-7e24-43af-9262-1f28497870db-1777610544186.jpeg
16,1777610544393,garments/23405519-09f3-4601-bf5a-bb5f9b72f581-1777610544393.jpeg
16,1777610544634,garments/014e22bc-6456-4f0c-8f45-af02b815cce5-1777610544634.jpeg
16,1777610544840,garments/9f5b164d-c2d3-4bdf-aebd-fa5532768a25-1777610544840.jpeg
17,1777611885792,garments/3742ca62-7772-4f66-8f2b-a2691641970a-1777611885792.jpeg
17,1777611886824,garments/3b5d8425-0ec9-450d-809f-f3ad147cac9f-1777611886824.jpeg
17,1777611887367,garments/d3eaec77-1faf-475c-be61-195f0543d6ef-1777611887367.jpeg
17,1777611887595,garments/b16595e8-b60a-400c-a879-1d52035fd236-1777611887595.jpeg
17,1777611887836,garments/7812d5c4-aad2-486c-bb82-4def5ba6dfb1-1777611887836.jpeg
17,1777611888061,garments/0e764efc-1bc3-4e84-9083-8cbf380b2601-1777611888061.jpeg
17,1777611888282,garments/7ab94fc7-a608-4f43-aea7-95ceeb081b65-1777611888282.jpeg
17,1777611888504,garments/52659879-8cf7-44cc-ac7e-572f20936e11-1777611888504.jpeg
17,1777611888724,garments/f4c3ba06-fa1a-4b1d-b902-64839121274a-1777611888724.jpeg
17,1777611888949,garments/407984fd-dbcc-419c-8de1-bfdbab8fcef7-1777611888949.jpeg
17,1777611889164,garments/4f2f8dde-3a02-4640-911b-6624465dcdb8-1777611889164.jpeg
17,1777611889430,garments/279d053c-1308-4800-b38e-b0ed066eff32-1777611889430.jpeg
17,1777611889667,garments/f270b5e5-3a26-4dbf-847c-9377ac8caf54-1777611889667.jpeg
17,1777611889903,garments/06b88c5e-a839-4909-ae4b-66a84436dd36-1777611889903.jpeg
17,1777611890124,garments/ef24314f-09fc-4cbc-bf4f-811ccc0056ea-1777611890124.jpeg
17,1777611890346,garments/6321fb31-e902-4aa8-b226-86a67ab9a55a-1777611890346.jpeg
17,1777611890560,garments/3a4e0edf-b902-4881-9b62-ef560ee851d1-1777611890560.jpeg
17,1777611890774,garments/eb6cdb88-682e-4197-afb9-6d4f78ac0ac4-1777611890774.jpeg
17,1777611890994,garments/40f9149b-8066-435d-942e-c0bc93c0d6d2-1777611890994.jpeg
17,1777611891232,garments/00284e8a-2e2d-4660-ba43-03db1d421d91-1777611891232.jpeg
17,1777611891458,garments/4b35b5d9-d7a3-4499-aae7-7f9d9f582606-1777611891458.jpeg
17,1777611891687,garments/94961ea1-be7e-4ce3-b3bb-744ba528ae3e-1777611891687.jpeg
17,1777611891925,garments/a37e2224-fbb1-4227-9f49-990d06bc25c4-1777611891925.jpeg
17,1777611892147,garments/3c4ed2cb-3b4f-44fb-8a46-2aec949e11b1-1777611892147.jpeg
17,1777611892347,garments/5f257d1e-bdfc-43a5-870f-07e3caf0d207-1777611892347.jpeg
17,1777611892553,garments/71edee1f-1589-4f33-a854-1f4c47c0e66c-1777611892553.jpeg
17,1777611892763,garments/51875254-cff5-4778-be42-fbd0b185a751-1777611892763.jpeg
17,1777611893009,garments/cccd52c5-4874-4e5c-977b-bc3c221fb5a4-1777611893009.jpeg
17,1777611893217,garments/8c1285ee-0e74-47fe-8681-b1320b55e99a-1777611893217.jpeg
17,1777611893422,garments/91b0593f-b871-40c5-b159-ff06f88f118c-1777611893422.jpeg
17,1777611893630,garments/d0927502-bf77-41a9-95e6-dd5fbac1068b-1777611893630.jpeg
17,1777611893838,garments/6bed0b3e-cef7-42b2-a76b-a9c03f4b5450-1777611893838.jpeg
17,1777611894051,garments/74bb7d34-60d7-4cb8-ae5b-d8a708d34f6d-1777611894051.jpeg
17,1777611894275,garments/b089e9f0-4e90-4d37-aeb6-ab6fe288ba79-1777611894275.jpeg
17,1777611894484,garments/5178b0d8-7bf2-432c-b262-f67974be919f-1777611894484.jpeg
18,1777701928046,garments/52157e99-9f4d-4047-b2f1-d26179fd541b-1777701928046.jpeg
19,1777997423861,garments/f5023697-104d-4aae-81ad-b6b6dba2f02b-1777997423861.jpeg
20,1777997706304,garments/7fdd677d-cd8d-4385-be16-1fbcab7b7449-1777997706304.jpeg
21,1784799057092,garments/029980f1-57fd-435b-8818-6592fbcf5390-1784799057092.jpeg
22,1784876934469,garments/ab217c3b-e75a-4ab4-8ee9-a27eedab0dc8-1784876934469.jpeg